insert into users (user_id,username, password, enabled) values (1,'erumbold0@usa.gov', '$2a$10$Fh4qeAY.sD6A/BdTBl8g6e5iYh8scygIZcAbT1iUpisI.qHhYdgR2', true);
insert into users (user_id,username, password, enabled) values (2,'cboniface1@about.me', '$2a$10$Fh4qeAY.sD6A/BdTBl8g6e5iYh8scygIZcAbT1iUpisI.qHhYdgR2', true);
insert into users (user_id,username, password, enabled) values (3,'bhellin2@gravatar.com', '$2a$10$Fh4qeAY.sD6A/BdTBl8g6e5iYh8scygIZcAbT1iUpisI.qHhYdgR2', true);
insert into users (user_id,username, password, enabled) values (4,'wvanmerwe3@ihg.com', '$2a$10$Fh4qeAY.sD6A/BdTBl8g6e5iYh8scygIZcAbT1iUpisI.qHhYdgR2', true);
insert into users (user_id,username, password, enabled) values (5,'abawdon4@themeforest.net', '$2a$10$Fh4qeAY.sD6A/BdTBl8g6e5iYh8scygIZcAbT1iUpisI.qHhYdgR2', true);
insert into users (user_id,username, password, enabled) values (6,'kjeenes5@mlb.com', '$2a$10$Fh4qeAY.sD6A/BdTBl8g6e5iYh8scygIZcAbT1iUpisI.qHhYdgR2', true);
insert into users (user_id,username, password, enabled) values (7,'earrow6@hao123.com', '$2a$10$Fh4qeAY.sD6A/BdTBl8g6e5iYh8scygIZcAbT1iUpisI.qHhYdgR2', true);
insert into users (user_id,username, password, enabled) values (8,'acretney7@businessinsider.com', '$2a$10$Fh4qeAY.sD6A/BdTBl8g6e5iYh8scygIZcAbT1iUpisI.qHhYdgR2', true);
insert into users (user_id,username, password, enabled) values (9,'bcoffey8@cmu.edu', '$2a$10$Fh4qeAY.sD6A/BdTBl8g6e5iYh8scygIZcAbT1iUpisI.qHhYdgR2', true);
insert into users (user_id,username, password, enabled) values (10,'swilkie9@digg.com', '$2a$10$Fh4qeAY.sD6A/BdTBl8g6e5iYh8scygIZcAbT1iUpisI.qHhYdgR2', true);
insert into users (user_id,username, password, enabled) values (11,'kgriswooda@aol.com', '$2a$10$Fh4qeAY.sD6A/BdTBl8g6e5iYh8scygIZcAbT1iUpisI.qHhYdgR2', true);
insert into users (user_id,username, password, enabled) values (12,'nlustedb@skyrock.com', '$2a$10$Fh4qeAY.sD6A/BdTBl8g6e5iYh8scygIZcAbT1iUpisI.qHhYdgR2', true);
insert into users (user_id,username, password, enabled) values (13,'gbaistowc@last.fm', '$2a$10$Fh4qeAY.sD6A/BdTBl8g6e5iYh8scygIZcAbT1iUpisI.qHhYdgR2', true);
insert into users (user_id,username, password, enabled) values (14,'ecomberbeachd@netlog.com', '$2a$10$Fh4qeAY.sD6A/BdTBl8g6e5iYh8scygIZcAbT1iUpisI.qHhYdgR2', true);
insert into users (user_id,username, password, enabled) values (15,'mstonmane@flickr.com', '$2a$10$Fh4qeAY.sD6A/BdTBl8g6e5iYh8scygIZcAbT1iUpisI.qHhYdgR2', true);
insert into users (user_id,username, password, enabled) values (16,'ddumbaref@theguardian.com', '$2a$10$Fh4qeAY.sD6A/BdTBl8g6e5iYh8scygIZcAbT1iUpisI.qHhYdgR2', true);
insert into users (user_id,username, password, enabled) values (17,'cjancicg@mtv.com', '$2a$10$Fh4qeAY.sD6A/BdTBl8g6e5iYh8scygIZcAbT1iUpisI.qHhYdgR2', true);
insert into users (user_id,username, password, enabled) values (18,'cphidginh@amazonaws.com', '$2a$10$Fh4qeAY.sD6A/BdTBl8g6e5iYh8scygIZcAbT1iUpisI.qHhYdgR2', true);
insert into users (user_id,username, password, enabled) values (19,'stomaszczyki@themeforest.net', '$2a$10$Fh4qeAY.sD6A/BdTBl8g6e5iYh8scygIZcAbT1iUpisI.qHhYdgR2', true);
insert into users (user_id,username, password, enabled) values (20,'blistj@oracle.com', '$2a$10$Fh4qeAY.sD6A/BdTBl8g6e5iYh8scygIZcAbT1iUpisI.qHhYdgR2', true);
insert into users (user_id,username, password, enabled) values (21,'cparsandk@dmoz.org', '$2a$10$Fh4qeAY.sD6A/BdTBl8g6e5iYh8scygIZcAbT1iUpisI.qHhYdgR2', true);
insert into users (user_id,username, password, enabled) values (22,'otitfordl@etsy.com', '$2a$10$Fh4qeAY.sD6A/BdTBl8g6e5iYh8scygIZcAbT1iUpisI.qHhYdgR2', true);
insert into users (user_id,username, password, enabled) values (23,'lyeatmanm@amazon.co.jp', '$2a$10$Fh4qeAY.sD6A/BdTBl8g6e5iYh8scygIZcAbT1iUpisI.qHhYdgR2', true);
insert into users (user_id,username, password, enabled) values (24,'bconersn@w3.org', '$2a$10$Fh4qeAY.sD6A/BdTBl8g6e5iYh8scygIZcAbT1iUpisI.qHhYdgR2', true);
insert into users (user_id,username, password, enabled) values (25,'mvarrowo@imdb.com', '$2a$10$Fh4qeAY.sD6A/BdTBl8g6e5iYh8scygIZcAbT1iUpisI.qHhYdgR2', true);
insert into users (user_id,username, password, enabled) values (26,'egattyp@umn.edu', '$2a$10$Fh4qeAY.sD6A/BdTBl8g6e5iYh8scygIZcAbT1iUpisI.qHhYdgR2', true);
insert into users (user_id,username, password, enabled) values (27,'eduboisq@unesco.org', '$2a$10$Fh4qeAY.sD6A/BdTBl8g6e5iYh8scygIZcAbT1iUpisI.qHhYdgR2', true);
insert into users (user_id,username, password, enabled) values (28,'apumfreyr@theglobeandmail.com', '$2a$10$Fh4qeAY.sD6A/BdTBl8g6e5iYh8scygIZcAbT1iUpisI.qHhYdgR2', true);
insert into users (user_id,username, password, enabled) values (29,'gbusseys@canalblog.com', '$2a$10$Fh4qeAY.sD6A/BdTBl8g6e5iYh8scygIZcAbT1iUpisI.qHhYdgR2', true);
insert into users (user_id,username, password, enabled) values (30,'pedmed4@vk.com', '$2a$10$Fh4qeAY.sD6A/BdTBl8g6e5iYh8scygIZcAbT1iUpisI.qHhYdgR2', true);
insert into users (user_id,username, password, enabled) values (31,'egourdon5@shinystat.com', '$2a$10$Fh4qeAY.sD6A/BdTBl8g6e5iYh8scygIZcAbT1iUpisI.qHhYdgR2', true);
insert into users (user_id,username, password, enabled) values (32,'fshercliff6@scribd.com', '$2a$10$Fh4qeAY.sD6A/BdTBl8g6e5iYh8scygIZcAbT1iUpisI.qHhYdgR2', true);
insert into users (user_id,username, password, enabled) values (33,'aniemiec7@github.io', '$2a$10$Fh4qeAY.sD6A/BdTBl8g6e5iYh8scygIZcAbT1iUpisI.qHhYdgR2', true);
insert into users (user_id,username, password, enabled) values (34,'cscouler8@nhs.uk', '$2a$10$Fh4qeAY.sD6A/BdTBl8g6e5iYh8scygIZcAbT1iUpisI.qHhYdgR2', true);
insert into users (user_id,username, password, enabled) values (35,'arubke9@xinhuanet.com', '$2a$10$Fh4qeAY.sD6A/BdTBl8g6e5iYh8scygIZcAbT1iUpisI.qHhYdgR2', true);
insert into users (user_id,username, password, enabled) values (36,'rwellesleya@digg.com', '$2a$10$Fh4qeAY.sD6A/BdTBl8g6e5iYh8scygIZcAbT1iUpisI.qHhYdgR2', true);
insert into users (user_id,username, password, enabled) values (37,'kheckb@slashdot.org', '$2a$10$Fh4qeAY.sD6A/BdTBl8g6e5iYh8scygIZcAbT1iUpisI.qHhYdgR2', true);
insert into users (user_id,username, password, enabled) values (38,'alardeuxc@mediafire.com', '$2a$10$Fh4qeAY.sD6A/BdTBl8g6e5iYh8scygIZcAbT1iUpisI.qHhYdgR2', true);
insert into users (user_id,username, password, enabled) values (39,'lsainteaud@ted.com', '$2a$10$Fh4qeAY.sD6A/BdTBl8g6e5iYh8scygIZcAbT1iUpisI.qHhYdgR2', true);
insert into users (user_id,username, password, enabled) values (40,'dmatelaitise@google.co.jp', '$2a$10$Fh4qeAY.sD6A/BdTBl8g6e5iYh8scygIZcAbT1iUpisI.qHhYdgR2', true);
insert into users (user_id,username, password, enabled) values (41,'pragotf@home.pl', '$2a$10$Fh4qeAY.sD6A/BdTBl8g6e5iYh8scygIZcAbT1iUpisI.qHhYdgR2', true);
insert into users (user_id,username, password, enabled) values (42,'rcristobalg@state.tx.us', '$2a$10$Fh4qeAY.sD6A/BdTBl8g6e5iYh8scygIZcAbT1iUpisI.qHhYdgR2', true);
insert into users (user_id,username, password, enabled) values (43,'aswadlinh@forbes.com', '$2a$10$Fh4qeAY.sD6A/BdTBl8g6e5iYh8scygIZcAbT1iUpisI.qHhYdgR2', true);
insert into users (user_id,username, password, enabled) values (44,'mwadmani@amazon.de', '$2a$10$Fh4qeAY.sD6A/BdTBl8g6e5iYh8scygIZcAbT1iUpisI.qHhYdgR2', true);
insert into users (user_id,username, password, enabled) values (45,'hyokelmanj@cafepress.com', '$2a$10$Fh4qeAY.sD6A/BdTBl8g6e5iYh8scygIZcAbT1iUpisI.qHhYdgR2', true);
insert into users (user_id,username, password, enabled) values (46,'emussaredk@ox.ac.uk', '$2a$10$Fh4qeAY.sD6A/BdTBl8g6e5iYh8scygIZcAbT1iUpisI.qHhYdgR2', true);
insert into users (user_id,username, password, enabled) values (47,'bgeppl@msn.com', '$2a$10$Fh4qeAY.sD6A/BdTBl8g6e5iYh8scygIZcAbT1iUpisI.qHhYdgR2', true);
insert into users (user_id,username, password, enabled) values (48,'hwilshirem@behance.net', '$2a$10$Fh4qeAY.sD6A/BdTBl8g6e5iYh8scygIZcAbT1iUpisI.qHhYdgR2', true);
insert into users (user_id,username, password, enabled) values (49,'dgatelandn@japanpost.jp', '$2a$10$Fh4qeAY.sD6A/BdTBl8g6e5iYh8scygIZcAbT1iUpisI.qHhYdgR2', true);
insert into users (user_id,username, password, enabled) values (50,'tvasyuchovo@china.com.cn', '$2a$10$Fh4qeAY.sD6A/BdTBl8g6e5iYh8scygIZcAbT1iUpisI.qHhYdgR2', true);
insert into users (user_id,username, password, enabled) values (51,'mwillerstonep@amazon.co.jp', '$2a$10$Fh4qeAY.sD6A/BdTBl8g6e5iYh8scygIZcAbT1iUpisI.qHhYdgR2', true);
insert into users (user_id,username, password, enabled) values (52,'dsollarsq@t.co', '$2a$10$Fh4qeAY.sD6A/BdTBl8g6e5iYh8scygIZcAbT1iUpisI.qHhYdgR2', true);
insert into users (user_id,username, password, enabled) values (53,'zyurevichr@technorati.com', '$2a$10$Fh4qeAY.sD6A/BdTBl8g6e5iYh8scygIZcAbT1iUpisI.qHhYdgR2', true);
insert into users (user_id,username, password, enabled) values (54,'jstuckes@hud.gov', '$2a$10$Fh4qeAY.sD6A/BdTBl8g6e5iYh8scygIZcAbT1iUpisI.qHhYdgR2', true);
insert into users (user_id,username, password, enabled) values (55,'inovellit@independent.co.uk', '$2a$10$Fh4qeAY.sD6A/BdTBl8g6e5iYh8scygIZcAbT1iUpisI.qHhYdgR2', true);
insert into users (user_id,username, password, enabled) values (56,'igitsham3@cdc.gov', '$2a$10$Fh4qeAY.sD6A/BdTBl8g6e5iYh8scygIZcAbT1iUpisI.qHhYdgR2', true);



INSERT INTO roles(name) VALUES('FARMACY_ADMIN');
INSERT INTO roles(name) VALUES('SYS_ADMIN');
INSERT INTO roles(name) VALUES('PATIENT');

insert into USER_ROLES(user_id, role_id) values(1, 1);
insert into USER_ROLES(user_id, role_id) values(2, 1);
insert into USER_ROLES(user_id, role_id) values(3, 1);
insert into USER_ROLES(user_id, role_id) values(4, 2);
insert into USER_ROLES(user_id, role_id) values(5, 2);
insert into USER_ROLES(user_id, role_id) values(6, 2);
insert into USER_ROLES(user_id, role_id) values(7, 2);
insert into USER_ROLES(user_id, role_id) values(8, 3);
insert into USER_ROLES(user_id, role_id) values(9, 3);
insert into USER_ROLES(user_id, role_id) values(10, 3);
insert into USER_ROLES(user_id, role_id) values(11, 3);
insert into USER_ROLES(user_id, role_id) values(12, 3);
insert into USER_ROLES(user_id, role_id) values(13, 3);
insert into USER_ROLES(user_id, role_id) values(14, 3);
insert into USER_ROLES(user_id, role_id) values(15, 3);
insert into USER_ROLES(user_id, role_id) values(16, 3);
insert into USER_ROLES(user_id, role_id) values(17, 3);
insert into USER_ROLES(user_id, role_id) values(18, 3);
insert into USER_ROLES(user_id, role_id) values(19, 3);
insert into USER_ROLES(user_id, role_id) values(20, 3);
insert into USER_ROLES(user_id, role_id) values(21, 3);
insert into USER_ROLES(user_id, role_id) values(22, 3);
insert into USER_ROLES(user_id, role_id) values(23, 3);
insert into USER_ROLES(user_id, role_id) values(24, 3);
insert into USER_ROLES(user_id, role_id) values(25, 3);
insert into USER_ROLES(user_id, role_id) values(26, 3);
insert into USER_ROLES(user_id, role_id) values(27, 3);
insert into USER_ROLES(user_id, role_id) values(28, 3);
insert into USER_ROLES(user_id, role_id) values(29, 3);
insert into USER_ROLES(user_id, role_id) values(30, 1);
insert into USER_ROLES(user_id, role_id) values(31, 1);
insert into USER_ROLES(user_id, role_id) values(32, 1);
insert into USER_ROLES(user_id, role_id) values(33, 1);
insert into USER_ROLES(user_id, role_id) values(34, 1);
insert into USER_ROLES(user_id, role_id) values(35, 1);
insert into USER_ROLES(user_id, role_id) values(36, 1);
insert into USER_ROLES(user_id, role_id) values(37, 1);
insert into USER_ROLES(user_id, role_id) values(38, 1);
insert into USER_ROLES(user_id, role_id) values(39, 1);
insert into USER_ROLES(user_id, role_id) values(40, 1);
insert into USER_ROLES(user_id, role_id) values(41, 1);
insert into USER_ROLES(user_id, role_id) values(42, 1);
insert into USER_ROLES(user_id, role_id) values(43, 1);
insert into USER_ROLES(user_id, role_id) values(44, 1);
insert into USER_ROLES(user_id, role_id) values(45, 1);
insert into USER_ROLES(user_id, role_id) values(46, 1);
insert into USER_ROLES(user_id, role_id) values(47, 1);
insert into USER_ROLES(user_id, role_id) values(48, 1);
insert into USER_ROLES(user_id, role_id) values(49, 1);
insert into USER_ROLES(user_id, role_id) values(50, 1);
insert into USER_ROLES(user_id, role_id) values(51, 1);
insert into USER_ROLES(user_id, role_id) values(52, 1);
insert into USER_ROLES(user_id, role_id) values(53, 1);
insert into USER_ROLES(user_id, role_id) values(54, 1);
insert into USER_ROLES(user_id, role_id) values(55, 1);
insert into USER_ROLES(user_id, role_id) values(56, 1);



insert into patient (email, name, surname, adress, city, state, phone_num, penalties, loyalty) values ('acretney7@businessinsider.com', 'Antin', 'Vuitton', '8 Mayfield Road', 'Hīsh', 'Syria', '627-651-4290',0, 15);
insert into patient (email, name, surname, adress, city, state, phone_num, penalties, loyalty) values ('bcoffey8@cmu.edu', 'Alleen', 'Carabet', '85 Rowland Alley', 'Taoyuan', 'China', '307-249-1188',0,20);
insert into patient (email, name, surname, adress, city, state, phone_num, penalties, loyalty) values ('swilkie9@digg.com', 'Ariela', 'Angel', '529 Spohn Alley', 'Kabor', 'Indonesia', '407-853-9057',1,7);
insert into patient (email, name, surname, adress, city, state, phone_num, penalties, loyalty) values ('kgriswooda@aol.com', 'Rodrique', 'Rudman', '634 Golf Course Crossing', 'Gandekan', 'Indonesia', '833-691-1487',0,9);
insert into patient (email, name, surname, adress, city, state, phone_num, penalties, loyalty) values ('nlustedb@skyrock.com', 'Gottfried', 'Tutchell', '05420 Tomscot Drive', 'Prior Velho', 'Portugal', '252-676-2335',0,25);
insert into patient (email, name, surname, adress, city, state, phone_num, penalties, loyalty) values ('gbaistowc@last.fm', 'Ardis', 'Carlan', '28136 American Ash Park', 'Pordapor Barat', 'Indonesia', '699-530-0466',0,50);
insert into patient (email, name, surname, adress, city, state, phone_num, penalties, loyalty) values ('ecomberbeachd@netlog.com', 'Zorine', 'Dutson', '2 Dorton Plaza', 'Sukadana', 'Indonesia', '151-433-4118',0,30);
insert into patient (email, name, surname, adress, city, state, phone_num, penalties, loyalty) values ('mstonmane@flickr.com', 'Ceciley', 'Hinks', '22709 Village Green Center', 'Gonghe', 'China', '683-824-9941',0,18);
insert into patient (email, name, surname, adress, city, state, phone_num, penalties, loyalty) values ('ddumbaref@theguardian.com', 'Jeramey', 'Haddeston', '2185 Village Green Court', 'Penza', 'Russia', '989-388-9222',0,24);
insert into patient (email, name, surname, adress, city, state, phone_num, penalties, loyalty) values ('cjancicg@mtv.com', 'Aurthur', 'Bere', '1504 Continental Hill', 'Atambua', 'Indonesia', '535-367-2584',0,16);
insert into patient (email, name, surname, adress, city, state, phone_num, penalties, loyalty) values ('cphidginh@amazonaws.com', 'Kathi', 'Abeau', '13 Hintze Avenue', 'Ribeira', 'Portugal', '169-930-3361',1,9);
insert into patient (email, name, surname, adress, city, state, phone_num, penalties, loyalty) values ('stomaszczyki@themeforest.net', 'Sibelle', 'Shapira', '33 Southridge Drive', 'Colatina', 'Brazil', '414-163-5653',0,30);
insert into patient (email, name, surname, adress, city, state, phone_num, penalties, loyalty) values ('blistj@oracle.com', 'Langston', 'Demogeot', '61 Buena Vista Crossing', 'Sassandra', 'Ivory Coast', '162-413-2217',1,3);
insert into patient (email, name, surname, adress, city, state, phone_num, penalties, loyalty) values ('cparsandk@dmoz.org', 'Lorens', 'Stopford', '9 Maryland Drive', 'Pakemitan', 'Indonesia', '270-645-6270',0,5);
insert into patient (email, name, surname, adress, city, state, phone_num, penalties, loyalty) values ('otitfordl@etsy.com', 'Renee', 'Knottley', '04 Dorton Alley', 'Tsirang', 'Bhutan', '162-317-8727',0,25);
insert into patient (email, name, surname, adress, city, state, phone_num, penalties, loyalty) values ('lyeatmanm@amazon.co.jp', 'Janella', 'Brewerton', '68 Namekagon Park', 'Lowotukan', 'Indonesia', '897-934-3264',0,15);
insert into patient (email, name, surname, adress, city, state, phone_num, penalties, loyalty) values ('bconersn@w3.org', 'Carlynne', 'Bandiera', '69 Weeping Birch Crossing', 'Stěbořice', 'Czech Republic', '134-486-4468',2,18);
insert into patient (email, name, surname, adress, city, state, phone_num, penalties, loyalty) values ('mvarrowo@imdb.com', 'Hogan', 'Reynish', '7113 Twin Pines Lane', 'Karangjaladri', 'Indonesia', '446-491-9928',2,8);
insert into patient (email, name, surname, adress, city, state, phone_num, penalties, loyalty) values ('egattyp@umn.edu', 'Alyson', 'Matveichev', '89656 South Point', 'Göteborg', 'Sweden', '165-454-0617',0,9);
insert into patient (email, name, surname, adress, city, state, phone_num, penalties, loyalty) values ('eduboisq@unesco.org', 'Harris', 'Cristofor', '22919 Express Road', 'Gornorechenskiy', 'Russia', '382-233-2198',0,10);
insert into patient (email, name, surname, adress, city, state, phone_num, penalties, loyalty) values ('apumfreyr@theglobeandmail.com', 'Gerard', 'Fruchon', '304 Westridge Parkway', 'Siaton', 'Philippines', '176-565-9371',1,18);
insert into patient (email, name, surname, adress, city, state, phone_num, penalties, loyalty) values ('gbusseys@canalblog.com', 'Jodie', 'Flahy', '2 Thackeray Lane', 'Dangmu', 'China', '684-507-7680',1,22);

insert into sys_admin (email, name, surname, adress, city, state, phone_num) values ('wvanmerwe3@ihg.com', 'Jeramey', 'Haddeston', '2185 Village Green Court', 'Penza', 'Russia', '989-388-9222');
insert into sys_admin (email, name, surname, adress, city, state, phone_num) values ('abawdon4@themeforest.net', 'Aurthur', 'Bere', '1504 Continental Hill', 'Atambua', 'Indonesia', '535-367-2584');
insert into sys_admin (email, name, surname, adress, city, state, phone_num) values ('kjeenes5@mlb.com', 'Kathi', 'Abeau', '13 Hintze Avenue', 'Ribeira', 'Portugal', '169-930-3361');
insert into sys_admin (email, name, surname, adress, city, state, phone_num) values ('earrow6@hao123.com', 'Sibelle', 'Shapira', '33 Southridge Drive', 'Colatina', 'Brazil', '414-163-5653');


insert into FARMACY (farmacy_id, adress, name, stars, description) values (1, '179 Fieldstone Lane, Uzice', 'Redunca redunca', 3.5, 'Placed in busy place, works all the time');
insert into FARMACY (farmacy_id, adress, name, stars, description) values (2, '3487 Hauk Junction, Uzice', 'Antechinus flavipes', 4.5, 'Placed in busy place, works all the time');
insert into FARMACY (farmacy_id, adress, name, stars, description) values (3, '9094 Lerdahl Drive, Beograd', 'Castor canadensis', 4.2, 'Placed in busy place, works all the time');
insert into FARMACY (farmacy_id, adress, name, stars, description) values (4, '18226 Anniversary Point, Vranje', 'Phalaropus fulicarius', 3.7, 'Placed in busy place, works all the time');
insert into FARMACY (farmacy_id, adress, name, stars, description) values (5, '1 Meadow Valley Road, Pirot', 'Gazella thompsonii', 2.5, 'Placed in busy place, works all the time');
insert into FARMACY (farmacy_id, adress, name, stars, description) values (6, '140 Farmco Lane, Pirot', 'Estrilda erythronotos', 1.5, 'Placed in busy place, works all the time');
insert into FARMACY (farmacy_id, adress, name, stars, description) values (7, '9 Little Fleur Alley, Leskovac', 'Uraeginthus angolensis', 2.6, 'Placed in busy place, works all the time');
insert into FARMACY (farmacy_id, adress, name, stars, description) values (8, '31 Brickson Park Center, Vranje', 'Macropus parryi', 4.8, 'Placed in busy place, works all the time');
insert into FARMACY (farmacy_id, adress, name, stars, description) values (9, '36321 Maple Hill, Uzice', 'Naja nivea', 4.7, 'Placed in busy place, works all the time');
insert into FARMACY (farmacy_id, adress, name, stars, description) values (10, '7275 Gerald Plaza, Beograd', 'Paraxerus cepapi',4.9, 'Placed in busy place, works all the time');
insert into FARMACY (farmacy_id, adress, name, stars, description) values (11, '31 East Hill, Beograd', 'Dolichitus patagonum', 3.9, 'Placed in busy place, works all the time');
insert into FARMACY (farmacy_id, adress, name, stars, description) values (12, '91678 Autumn Leaf Road, Beograd', 'Spermophilus armatus', 3.4, 'Placed in busy place, works all the time');
insert into FARMACY (farmacy_id, adress, name, stars, description) values (13, '6038 Sycamore Avenue, Uzice', 'Pelecans onocratalus', 3.7, 'Placed in busy place, works all the time');
insert into FARMACY (farmacy_id, adress, name, stars, description) values (14, '9 Center Alley, Vranje', 'Colobus guerza', 4.7, 'Placed in busy place, works all the time');
insert into FARMACY (farmacy_id, adress, name, stars, description) values (15, '4661 Elmside Lane, Pirot', 'Casmerodius albus', 3.7, 'Placed in busy place, works all the time');
insert into FARMACY (farmacy_id, adress, name, stars, description) values (16, '4554 Debs Hill, Uzice', 'Sciurus vulgaris', 3.4, 'Placed in busy place, works all the time');
insert into FARMACY (farmacy_id, adress, name, stars, description) values (17, '0 Farwell Street, Beograd', 'Corvus albus', 4.8, 'Placed in busy place, works all the time');
insert into FARMACY (farmacy_id, adress, name, stars, description) values (18, '371 Village Trail, Novi Sad', 'Acrantophis madagascariensis', 4.7, 'Placed in busy place, works all the time');
insert into FARMACY (farmacy_id, adress, name, stars, description) values (19, '19 Heath Parkway, Novi Sad', 'Ninox superciliaris', 4.2, 'Placed in busy place, works all the time');
insert into FARMACY (farmacy_id, adress, name, stars, description) values (20, '074 Division Hill, Novi Sad', 'Thylogale stigmatica', 4.0, 'Placed in busy place, works all the time');




insert into farmacy_admin (email, name, surname, adress, city, state, phone_num, farmacy_id) values ('erumbold0@usa.gov', 'Eirena', 'Rumbold', '0 Village Place', 'Živinice', 'Bosnia and Herzegovina', '521-486-3914', 1);
insert into farmacy_admin (email, name, surname, adress, city, state, phone_num, farmacy_id) values ('cboniface1@about.me', 'Crystal', 'Boniface', '9 Sommers Circle', 'Biaoxi', 'China', '966-218-4628', 2);
insert into farmacy_admin (email, name, surname, adress, city, state, phone_num, farmacy_id) values ('bhellin2@gravatar.com', 'Brenna', 'Hellin', '4 Charing Cross Way', 'Kukawa', 'Nigeria', '748-544-1143', 3);
insert into farmacy_admin (email, name, surname, adress, city, state, phone_num, farmacy_id) values ('igitsham3@cdc.gov', 'Itch', 'Gitsham', '2124 Pawling Street', 'Liping', 'China', '521-698-2896', 4);
insert into farmacy_admin (email, name, surname, adress, city, state, phone_num, farmacy_id) values ('pedmed4@vk.com', 'Pete', 'Edmed', '88 Fuller Lane', 'Qinhe', 'China', '916-404-7190', 5);
insert into farmacy_admin (email, name, surname, adress, city, state, phone_num, farmacy_id) values ('egourdon5@shinystat.com', 'Ericka', 'Gourdon', '7890 Sauthoff Road', 'Guicheng', 'China', '602-697-1371', 6);
insert into farmacy_admin (email, name, surname, adress, city, state, phone_num, farmacy_id) values ('fshercliff6@scribd.com', 'Fraser', 'Shercliff', '72352 Becker Terrace', 'Hüremt', 'Mongolia', '250-851-5602', 7);
insert into farmacy_admin (email, name, surname, adress, city, state, phone_num, farmacy_id) values ('aniemiec7@github.io', 'Arlie', 'Niemiec', '699 Eagle Crest Pass', 'Żabieniec', 'Poland', '884-829-2056', 8);
insert into farmacy_admin (email, name, surname, adress, city, state, phone_num, farmacy_id) values ('cscouler8@nhs.uk', 'Christophe', 'Scouler', '76 Utah Drive', 'Stockholm', 'Sweden', '305-566-4202', 9);
insert into farmacy_admin (email, name, surname, adress, city, state, phone_num, farmacy_id) values ('arubke9@xinhuanet.com', 'Arielle', 'Rubke', '4 Mccormick Center', 'La Esperanza', 'Mexico', '945-786-3206', 10);
insert into farmacy_admin (email, name, surname, adress, city, state, phone_num, farmacy_id) values ('rwellesleya@digg.com', 'Rania', 'Wellesley', '8 Declaration Alley', 'Koynare', 'Bulgaria', '682-294-7671', 11);
insert into farmacy_admin (email, name, surname, adress, city, state, phone_num, farmacy_id) values ('kheckb@slashdot.org', 'Koren', 'Heck', '9 Leroy Way', 'Kungsbacka', 'Sweden', '736-302-1303', 12);
insert into farmacy_admin (email, name, surname, adress, city, state, phone_num, farmacy_id) values ('alardeuxc@mediafire.com', 'Allyn', 'Lardeux', '4 West Drive', 'Alqueva', 'Portugal', '488-482-7696', 13);
insert into farmacy_admin (email, name, surname, adress, city, state, phone_num, farmacy_id) values ('lsainteaud@ted.com', 'Leigh', 'Sainteau', '8406 Russell Parkway', 'Wuning', 'China', '159-554-0849', 14);
insert into farmacy_admin (email, name, surname, adress, city, state, phone_num, farmacy_id) values ('dmatelaitise@google.co.jp', 'Douglass', 'Matelaitis', '00 Redwing Trail', 'Sanana', 'Indonesia', '775-471-8096', 15);
insert into farmacy_admin (email, name, surname, adress, city, state, phone_num, farmacy_id) values ('pragotf@home.pl', 'Pincus', 'Ragot', '66 Michigan Pass', 'Nanganga', 'Tanzania', '527-718-1338', 16);
insert into farmacy_admin (email, name, surname, adress, city, state, phone_num, farmacy_id) values ('rcristobalg@state.tx.us', 'Reggie', 'Cristobal', '0098 Hoepker Court', 'Radā‘', 'Yemen', '771-826-2190', 17);
insert into farmacy_admin (email, name, surname, adress, city, state, phone_num, farmacy_id) values ('aswadlinh@forbes.com', 'Artair', 'Swadlin', '9 Westport Place', 'Miguel Hidalgo', 'Mexico', '719-395-5203', 18);
insert into farmacy_admin (email, name, surname, adress, city, state, phone_num, farmacy_id) values ('mwadmani@amazon.de', 'Marchelle', 'Wadman', '920 Troy Place', 'Ndibène Dahra', 'Senegal', '238-840-3775', 19);
insert into farmacy_admin (email, name, surname, adress, city, state, phone_num, farmacy_id) values ('hyokelmanj@cafepress.com', 'Hersch', 'Yokelman', '64317 Badeau Place', 'Sechelt', 'Canada', '759-844-4582', 20);
insert into farmacy_admin (email, name, surname, adress, city, state, phone_num, farmacy_id) values ('emussaredk@ox.ac.uk', 'Elana', 'Mussared', '6250 Northfield Point', 'Sugcad', 'Philippines', '212-209-1708', 1);
insert into farmacy_admin (email, name, surname, adress, city, state, phone_num, farmacy_id) values ('bgeppl@msn.com', 'Briny', 'Gepp', '0 Acker Road', 'Jingzhou', 'China', '662-787-1563', 5);
insert into farmacy_admin (email, name, surname, adress, city, state, phone_num, farmacy_id) values ('hwilshirem@behance.net', 'Hadrian', 'Wilshire', '626 Glendale Road', 'Santa Rosa de Lima', 'El Salvador', '212-231-7236', 13);
insert into farmacy_admin (email, name, surname, adress, city, state, phone_num, farmacy_id) values ('dgatelandn@japanpost.jp', 'Dael', 'Gateland', '8900 Hintze Drive', 'Thị Trấn Cao Phong', 'Vietnam', '388-683-9993', 4);
insert into farmacy_admin (email, name, surname, adress, city, state, phone_num, farmacy_id) values ('tvasyuchovo@china.com.cn', 'Tan', 'Vasyuchov', '57411 Columbus Junction', 'Göteborg', 'Sweden', '314-149-4039', 17);
insert into farmacy_admin (email, name, surname, adress, city, state, phone_num, farmacy_id) values ('mwillerstonep@amazon.co.jp', 'Manuel', 'Willerstone', '9 Cascade Way', 'Benito Juarez', 'Mexico', '679-810-0008', 9);
insert into farmacy_admin (email, name, surname, adress, city, state, phone_num, farmacy_id) values ('dsollarsq@t.co', 'Donnie', 'Sollars', '2051 Delaware Street', 'Jōetsu', 'Japan', '249-579-6838', 14);
insert into farmacy_admin (email, name, surname, adress, city, state, phone_num, farmacy_id) values ('zyurevichr@technorati.com', 'Zabrina', 'Yurevich', '50580 Ryan Road', 'Stan-Bekhtemir', 'Russia', '959-616-4463', 3);
insert into farmacy_admin (email, name, surname, adress, city, state, phone_num, farmacy_id) values ('jstuckes@hud.gov', 'Jae', 'Stucke', '85275 Monument Road', 'Siaya', 'Kenya', '778-981-4114', 6);
insert into farmacy_admin (email, name, surname, adress, city, state, phone_num, farmacy_id) values ('inovellit@independent.co.uk', 'Ivory', 'Novelli', '41 Del Sol Way', 'Jerez', 'Guatemala', '555-628-3644', 18);






insert into pharmacist (name, surname, email, adress, city, state, phone_num, stars, works_from, works_to, farmacy_id,price) values ('Legra', 'D''Aguanno', 'ldaguanno0@issuu.com', '15313 Burrows Alley', 'Hongzhou', 'China', '331-356-5166', 2.5, '08:19', '19:06', 1, 11.52);
insert into vacation_pharmacist (VACATION_ID,BEGINNING,ENDING,STATUS,EMAIL)  values (1, '2021-09-12', '2021-09-25', 'CREATED', 'ldaguanno0@issuu.com');
insert into vacation_pharmacist (VACATION_ID,BEGINNING,ENDING,STATUS,EMAIL)  values (5, '2021-09-01', '2021-09-07', 'ACCEPTED', 'ldaguanno0@issuu.com'); 
insert into COUNSELING (COUNSELING_ID,CANCELED,DATE_TIME,END_TIME,PRICE,EMAIL, show_up) values(1, true, '2021-08-26T12:00:00', '2021-08-26T12:20:00',11.52, 'ldaguanno0@issuu.com', false );
insert into patient_counseling(email, counseling_id) values ('bcoffey8@cmu.edu', 1);
insert into COUNSELING (COUNSELING_ID,CANCELED,DATE_TIME,END_TIME,PRICE,EMAIL, show_up) values(2, false, '2021-08-26T12:40:00', '2021-08-26T12:45:00',11.52, 'ldaguanno0@issuu.com', false );
insert into patient_counseling(email, counseling_id) values ('swilkie9@digg.com', 2);
/*penal*/
insert into COUNSELING (COUNSELING_ID,CANCELED,DATE_TIME,END_TIME,PRICE,EMAIL, show_up) values(3, false, '2021-08-26T12:45:00', '2021-08-26T12:50:00',11.52, 'ldaguanno0@issuu.com', true );
insert into patient_counseling(email, counseling_id) values ('swilkie9@digg.com', 3);
insert into COUNSELING (COUNSELING_ID,CANCELED,DATE_TIME,END_TIME,PRICE,EMAIL, show_up) values(4, false, '2021-09-11T12:00:00', '2021-09-11T12:05:00',11.52, 'ldaguanno0@issuu.com', false );
insert into patient_counseling(email, counseling_id) values ('bcoffey8@cmu.edu', 4);
insert into COUNSELING (COUNSELING_ID,CANCELED,DATE_TIME,END_TIME,PRICE,EMAIL, show_up) values(5, false, '2021-09-11T12:10:00', '2021-09-11T12:20:00',11.52, 'ldaguanno0@issuu.com', false );
insert into patient_counseling(email, counseling_id) values ('kgriswooda@aol.com', 5);
insert into COUNSELING (COUNSELING_ID,CANCELED,DATE_TIME,END_TIME,PRICE,EMAIL, show_up) values(6, false, '2021-09-11T12:25:00', '2021-09-11T12:30:00',11.52, 'ldaguanno0@issuu.com', false );
insert into patient_counseling(email, counseling_id) values ('nlustedb@skyrock.com', 6);




insert into pharmacist (name, surname, email, adress, city, state, phone_num, stars, works_from, works_to, farmacy_id, price) values ('Lisle', 'Creeber', 'lcreeber1@google.de', '1955 Fair Oaks Plaza', 'Wushi', 'China', '518-718-7196', 4.5, '07:48', '19:03', 2,13.00);
insert into vacation_pharmacist (VACATION_ID,BEGINNING,ENDING,STATUS,EMAIL)  values (6, '2021-08-20', '2021-08-25', 'ACCEPTED', 'lcreeber1@google.de');
insert into vacation_pharmacist (VACATION_ID,BEGINNING,ENDING,STATUS,EMAIL)  values (7, '2021-09-01', '2021-09-05', 'ACCEPTED', 'lcreeber1@google.de'); 
insert into COUNSELING (COUNSELING_ID,CANCELED,DATE_TIME,END_TIME,PRICE,EMAIL, show_up) values(7, true, '2021-08-26T12:00:00', '2021-08-26T12:20:00',13.00, 'lcreeber1@google.de', false );
insert into patient_counseling(email, counseling_id) values ('nlustedb@skyrock.com', 7);
insert into COUNSELING (COUNSELING_ID,CANCELED,DATE_TIME,END_TIME,PRICE,EMAIL, show_up) values(8, false, '2021-08-26T12:45:00', '2021-08-26T12:50:00',13.00, 'lcreeber1@google.de', true );
insert into patient_counseling(email, counseling_id) values ('gbaistowc@last.fm', 8);
insert into COUNSELING (COUNSELING_ID,CANCELED,DATE_TIME,END_TIME,PRICE,EMAIL, show_up) values(9, false, '2021-09-11T13:00:00', '2021-09-11T13:05:00',13.00, 'lcreeber1@google.de', false );
insert into patient_counseling(email, counseling_id) values ('gbaistowc@last.fm', 9);
insert into COUNSELING (COUNSELING_ID,CANCELED,DATE_TIME,END_TIME,PRICE,EMAIL, show_up) values(10, false, '2021-09-11T13:10:00', '2021-09-11T13:20:00',13.00, 'lcreeber1@google.de', false );
insert into patient_counseling(email, counseling_id) values ('ecomberbeachd@netlog.com', 10);
insert into COUNSELING (COUNSELING_ID,CANCELED,DATE_TIME,END_TIME,PRICE,EMAIL, show_up) values(11, false, '2021-09-11T13:25:00', '2021-09-11T13:30:00',13.00, 'lcreeber1@google.de', false );
insert into patient_counseling(email, counseling_id) values ('mstonmane@flickr.com', 11);

insert into pharmacist (name, surname, email, adress, city, state, phone_num, stars, works_from, works_to, farmacy_id,price) values ('Cybill', 'Exroll', 'cexroll2@barnesandnoble.com', '6 Paget Crossing', 'Xiejiatan', 'China', '879-718-3715', 3.6, '07:27', '13:08', 3,12.00);
insert into vacation_pharmacist (VACATION_ID,BEGINNING,ENDING,STATUS,EMAIL)  values (14, '2021-08-08', '2021-08-29', 'DENIED', 'cexroll2@barnesandnoble.com');
insert into vacation_pharmacist (VACATION_ID,BEGINNING,ENDING,STATUS,EMAIL)  values (4, '2021-09-15', '2021-09-29', 'CREATED', 'cexroll2@barnesandnoble.com');
insert into COUNSELING (COUNSELING_ID,CANCELED,DATE_TIME,END_TIME,PRICE,EMAIL, show_up) values(12, true, '2021-08-26T12:00:00', '2021-08-26T12:20:00',12.00, 'cexroll2@barnesandnoble.com', false );
insert into patient_counseling(email, counseling_id) values ('ddumbaref@theguardian.com', 12);
insert into COUNSELING (COUNSELING_ID,CANCELED,DATE_TIME,END_TIME,PRICE,EMAIL, show_up) values(13, false, '2021-08-26T12:45:00', '2021-08-26T12:50:00',12.00, 'cexroll2@barnesandnoble.com', true );
insert into patient_counseling(email, counseling_id) values ('ddumbaref@theguardian.com', 13);
insert into COUNSELING (COUNSELING_ID,CANCELED,DATE_TIME,END_TIME,PRICE,EMAIL, show_up) values(14, false, '2021-09-11T08:00:00', '2021-09-11T08:05:00',12.00, 'cexroll2@barnesandnoble.com', false );
insert into patient_counseling(email, counseling_id) values ('ddumbaref@theguardian.com', 14);
insert into COUNSELING (COUNSELING_ID,CANCELED,DATE_TIME,END_TIME,PRICE,EMAIL, show_up) values(15, false, '2021-09-11T08:10:00', '2021-09-11T08:20:00',12.00, 'cexroll2@barnesandnoble.com', false );
insert into patient_counseling(email, counseling_id) values ('cjancicg@mtv.com', 15);
insert into COUNSELING (COUNSELING_ID,CANCELED,DATE_TIME,END_TIME,PRICE,EMAIL, show_up) values(16, false, '2021-09-11T08:25:00', '2021-09-11T08:30:00',12.00, 'cexroll2@barnesandnoble.com', false );
insert into patient_counseling(email, counseling_id) values ('cphidginh@amazonaws.com', 16);

insert into pharmacist (name, surname, email, adress, city, state, phone_num, stars, works_from, works_to, farmacy_id, price) values ('Leticia', 'Gorch', 'lgorch3@cnn.com', '7 Cambridge Lane', 'Ternovka', 'Russia', '340-956-7178', 4.2, '09:42', '23:45', 4,13.00);
insert into vacation_pharmacist (VACATION_ID,BEGINNING,ENDING,STATUS,EMAIL)  values (2, '2021-09-12', '2021-09-15', 'CREATED', 'lgorch3@cnn.com'); 
insert into vacation_pharmacist (VACATION_ID,BEGINNING,ENDING,STATUS,EMAIL)  values (8, '2021-08-30', '2021-09-03', 'ACCEPTED', 'lgorch3@cnn.com');
insert into COUNSELING (COUNSELING_ID,CANCELED,DATE_TIME,END_TIME,PRICE,EMAIL, show_up) values(17, false, '2021-09-11T10:00:00', '2021-09-11T10:05:00',13.00, 'lgorch3@cnn.com', false );
insert into patient_counseling(email, counseling_id) values ('stomaszczyki@themeforest.net', 17);
insert into COUNSELING (COUNSELING_ID,CANCELED,DATE_TIME,END_TIME,PRICE,EMAIL, show_up) values(18, false, '2021-09-11T10:10:00', '2021-09-11T10:20:00',13.00, 'lgorch3@cnn.com', false );
insert into patient_counseling(email, counseling_id) values ('blistj@oracle.com', 18);
insert into COUNSELING (COUNSELING_ID,CANCELED,DATE_TIME,END_TIME,PRICE,EMAIL, show_up) values(19, false, '2021-09-11T10:25:00', '2021-09-11T10:30:00',13.00, 'lgorch3@cnn.com', false );
insert into patient_counseling(email, counseling_id) values ('cparsandk@dmoz.org', 19);


insert into pharmacist (name, surname, email, adress, city, state, phone_num, stars, works_from, works_to, farmacy_id, price) values ('Ursula', 'Lago', 'ulago4@vimeo.com', '70075 Dwight Center', 'Rabat', 'Morocco', '110-752-9868', 4.1, '06:14', '21:30', 5,11.00);
insert into vacation_pharmacist (VACATION_ID,BEGINNING,ENDING,STATUS,EMAIL)  values (3, '2021-09-30', '2021-10-05', 'CREATED', 'ulago4@vimeo.com'); 
insert into vacation_pharmacist (VACATION_ID,BEGINNING,ENDING,STATUS,EMAIL)  values (9, '2021-09-12', '2021-09-15', 'ACCEPTED', 'ulago4@vimeo.com'); 
insert into COUNSELING (COUNSELING_ID,CANCELED,DATE_TIME,END_TIME,PRICE,EMAIL, show_up) values(20, true, '2021-08-26T12:00:00', '2021-08-26T12:20:00',11.00, 'ulago4@vimeo.com', false );
insert into patient_counseling(email, counseling_id) values ('cparsandk@dmoz.org', 20);
insert into COUNSELING (COUNSELING_ID,CANCELED,DATE_TIME,END_TIME,PRICE,EMAIL, show_up) values(21, false, '2021-08-26T12:45:00', '2021-08-26T12:50:00',11.00, 'ulago4@vimeo.com', true );
insert into patient_counseling(email, counseling_id) values ('cparsandk@dmoz.org', 21);
insert into COUNSELING (COUNSELING_ID,CANCELED,DATE_TIME,END_TIME,PRICE,EMAIL, show_up) values(22, false, '2021-09-11T11:00:00', '2021-09-11T11:05:00',11.00, 'ulago4@vimeo.com', false );
insert into patient_counseling(email, counseling_id) values ('otitfordl@etsy.com', 22);
insert into COUNSELING (COUNSELING_ID,CANCELED,DATE_TIME,END_TIME,PRICE,EMAIL, show_up) values(23, false, '2021-09-11T11:10:00', '2021-09-11T11:20:00',11.00, 'ulago4@vimeo.com', false );
insert into patient_counseling(email, counseling_id) values ('lyeatmanm@amazon.co.jp', 23);
insert into COUNSELING (COUNSELING_ID,CANCELED,DATE_TIME,END_TIME,PRICE,EMAIL, show_up) values(24, false, '2021-09-11T11:25:00', '2021-09-11T11:30:00',11.00, 'ulago4@vimeo.com', false );
insert into patient_counseling(email, counseling_id) values ('bconersn@w3.org', 24);

insert into pharmacist (name, surname, email, adress, city, state, phone_num, stars, works_from, works_to, farmacy_id, price) values ('Estella', 'O''Fairy', 'eofairy5@mac.com', '7585 East Avenue', 'Cempa', 'Indonesia', '826-319-0058', 4.0, '09:53', '22:36', 6, 13.00);
insert into vacation_pharmacist (VACATION_ID,BEGINNING,ENDING,STATUS,EMAIL)  values (10, '2021-09-03', '2021-09-29', 'ACCEPTED', 'eofairy5@mac.com');
insert into vacation_pharmacist (VACATION_ID,BEGINNING,ENDING,STATUS,EMAIL)  values (11, '2021-08-12', '2021-10-25', 'DENIED', 'eofairy5@mac.com'); 
insert into COUNSELING (COUNSELING_ID,CANCELED,DATE_TIME,END_TIME,PRICE,EMAIL, show_up) values(25, true, '2021-08-26T12:00:00', '2021-08-26T12:20:00',13.00, 'eofairy5@mac.com', false );
insert into patient_counseling(email, counseling_id) values ('bconersn@w3.org', 25);
insert into COUNSELING (COUNSELING_ID,CANCELED,DATE_TIME,END_TIME,PRICE,EMAIL, show_up) values(26, false, '2021-08-26T12:45:00', '2021-08-26T12:50:00',13.00, 'eofairy5@mac.com', true );
insert into patient_counseling(email, counseling_id) values ('bconersn@w3.org', 26);
insert into COUNSELING (COUNSELING_ID,CANCELED,DATE_TIME,END_TIME,PRICE,EMAIL, show_up) values(27, true, '2021-08-26T11:00:00', '2021-08-26T11:20:00',13.00, 'eofairy5@mac.com', false );
insert into patient_counseling(email, counseling_id) values ('bconersn@w3.org', 27);
insert into COUNSELING (COUNSELING_ID,CANCELED,DATE_TIME,END_TIME,PRICE,EMAIL, show_up) values(28, false, '2021-08-26T13:45:00', '2021-08-26T13:50:00',13.00, 'eofairy5@mac.com', true );
insert into patient_counseling(email, counseling_id) values ('mvarrowo@imdb.com', 28);

insert into pharmacist (name, surname, email, adress, city, state, phone_num, stars, works_from, works_to, farmacy_id, price) values ('Gus', 'Saunders', 'gsaunders6@deliciousdays.com', '49 Spaight Place', 'Birendranagar', 'Nepal', '663-229-0652', 4.9, '04:11', '19:28', 7,11.00);
insert into vacation_pharmacist (VACATION_ID,BEGINNING,ENDING,STATUS,EMAIL)  values (12, '2021-08-30', '2021-09-29', 'DENIED', 'gsaunders6@deliciousdays.com');
insert into vacation_pharmacist (VACATION_ID,BEGINNING,ENDING,STATUS,EMAIL)  values (13, '2021-12-12', '2021-12-25', 'DENIED', 'gsaunders6@deliciousdays.com'); 
insert into COUNSELING (COUNSELING_ID,CANCELED,DATE_TIME,END_TIME,PRICE,EMAIL, show_up) values(29, false, '2021-09-11T11:00:00', '2021-09-11T11:05:00',11.00, 'gsaunders6@deliciousdays.com', false );
insert into patient_counseling(email, counseling_id) values ('egattyp@umn.edu', 29);
insert into COUNSELING (COUNSELING_ID,CANCELED,DATE_TIME,END_TIME,PRICE,EMAIL, show_up) values(30, false, '2021-09-11T11:10:00', '2021-09-11T11:20:00',11.00, 'gsaunders6@deliciousdays.com', false );
insert into patient_counseling(email, counseling_id) values ('eduboisq@unesco.org', 30);
insert into COUNSELING (COUNSELING_ID,CANCELED,DATE_TIME,END_TIME,PRICE,EMAIL, show_up) values(31, false, '2021-09-11T11:25:00', '2021-09-11T11:30:00',11.00, 'gsaunders6@deliciousdays.com', false );
insert into COUNSELING (COUNSELING_ID,CANCELED,DATE_TIME,END_TIME,PRICE,EMAIL, show_up) values(32, false, '2021-09-11T14:00:00', '2021-09-11T14:05:00',11.00, 'gsaunders6@deliciousdays.com', false );
insert into COUNSELING (COUNSELING_ID,CANCELED,DATE_TIME,END_TIME,PRICE,EMAIL, show_up) values(33, false, '2021-09-11T14:10:00', '2021-09-11T14:20:00',11.00, 'gsaunders6@deliciousdays.com', false );
insert into COUNSELING (COUNSELING_ID,CANCELED,DATE_TIME,END_TIME,PRICE,EMAIL, show_up) values(34, false, '2021-09-11T14:25:00', '2021-09-11T14:30:00',11.00, 'gsaunders6@deliciousdays.com', false );

insert into pharmacist (name, surname, email, adress, city, state, phone_num, stars, works_from, works_to, farmacy_id, price) values ('Vic', 'Manzell', 'vmanzell7@google.pl', '603 Twin Pines Terrace', 'Talovyy', 'Russia', '750-404-3515', 3.6, '05:59', '22:24', 8, 10.00);
insert into COUNSELING (COUNSELING_ID,CANCELED,DATE_TIME,END_TIME,PRICE,EMAIL, show_up) values(35, false, '2021-09-11T17:00:00', '2021-09-11T17:05:00',10.00, 'vmanzell7@google.pl', false );
insert into patient_counseling(email, counseling_id) values ('apumfreyr@theglobeandmail.com', 35);
insert into COUNSELING (COUNSELING_ID,CANCELED,DATE_TIME,END_TIME,PRICE,EMAIL, show_up) values(36, false, '2021-09-11T17:10:00', '2021-09-11T17:20:00',10.00, 'vmanzell7@google.pl', false );
insert into patient_counseling(email, counseling_id) values ('gbusseys@canalblog.com', 36);
insert into COUNSELING (COUNSELING_ID,CANCELED,DATE_TIME,END_TIME,PRICE,EMAIL, show_up) values(37, true, '2021-09-11T17:25:00', '2021-09-11T17:30:00',10.00, 'vmanzell7@google.pl', false );
insert into patient_counseling(email, counseling_id) values ('gbusseys@canalblog.com', 37);


insert into pharmacist (name, surname, email, adress, city, state, phone_num, stars, works_from, works_to, farmacy_id, price) values ('Vidovik', 'Tinniswood', 'vtinniswood8@youtube.com', '36370 Clemons Plaza', 'Ōmura', 'Japan', '573-586-4455', 3.8, '05:37', '23:05', 9,10.00);
insert into COUNSELING (COUNSELING_ID,CANCELED,DATE_TIME,END_TIME,PRICE,EMAIL, show_up) values(41, false, '2021-08-11T14:00:00', '2021-08-11T14:05:00',10.00, 'vtinniswood8@youtube.com', true );
insert into patient_counseling(email, counseling_id) values ('mvarrowo@imdb.com', 41);
insert into COUNSELING (COUNSELING_ID,CANCELED,DATE_TIME,END_TIME,PRICE,EMAIL, show_up) values(42, false, '2021-08-11T14:10:00', '2021-08-11T14:20:00',10.00, 'vtinniswood8@youtube.com', true );
insert into patient_counseling(email, counseling_id) values ('egattyp@umn.edu', 42);
insert into COUNSELING (COUNSELING_ID,CANCELED,DATE_TIME,END_TIME,PRICE,EMAIL, show_up) values(43, false, '2021-08-11T14:25:00', '2021-08-11T14:30:00',10.00, 'vtinniswood8@youtube.com', true );
insert into patient_counseling(email, counseling_id) values ('eduboisq@unesco.org', 43);

insert into pharmacist (name, surname, email, adress, city, state, phone_num, stars, works_from, works_to, farmacy_id, price) values ('Maryjo', 'Attoc', 'mattoc9@cmu.edu', '0 Service Park', 'Libao', 'China', '514-451-5802', 4.2, '08:41', '15:35', 10,14.00);
insert into COUNSELING (COUNSELING_ID,CANCELED,DATE_TIME,END_TIME,PRICE,EMAIL, show_up) values(44, false, '2021-08-11T12:00:00', '2021-08-11T12:05:00',14.00, 'mattoc9@cmu.edu', true );
insert into patient_counseling(email, counseling_id) values ('apumfreyr@theglobeandmail.com', 44);
insert into COUNSELING (COUNSELING_ID,CANCELED,DATE_TIME,END_TIME,PRICE,EMAIL, show_up) values(45, false, '2021-08-11T12:10:00', '2021-08-11T12:20:00',14.00, 'mattoc9@cmu.edu', true );
insert into patient_counseling(email, counseling_id) values ('egattyp@umn.edu', 45);




insert into pharmacist (name, surname, email, adress, city, state, phone_num, stars, works_from, works_to, farmacy_id, price) values ('Drusilla', 'Louden', 'dloudena@answers.com', '7 Reinke Alley', 'Kulotino', 'Russia', '806-674-8587', 4.7, '06:55', '22:41', 11,10.00);
insert into COUNSELING (COUNSELING_ID,CANCELED,DATE_TIME,END_TIME,PRICE,EMAIL, show_up) values(50, false, '2021-08-11T14:00:00', '2021-08-11T14:05:00',10.00, 'dloudena@answers.com', true );
insert into patient_counseling(email, counseling_id) values ('eduboisq@unesco.org', 50);
insert into COUNSELING (COUNSELING_ID,CANCELED,DATE_TIME,END_TIME,PRICE,EMAIL, show_up) values(52, false, '2021-08-11T14:10:00', '2021-08-11T14:20:00',10.00, 'dloudena@answers.com', true );
insert into patient_counseling(email, counseling_id) values ('apumfreyr@theglobeandmail.com', 52);
insert into COUNSELING (COUNSELING_ID,CANCELED,DATE_TIME,END_TIME,PRICE,EMAIL, show_up) values(51, false, '2021-08-11T14:25:00', '2021-08-11T14:30:00',10.00, 'dloudena@answers.com', true );
insert into patient_counseling(email, counseling_id) values ('gbusseys@canalblog.com', 51);


insert into pharmacist (name, surname, email, adress, city, state, phone_num, stars, works_from, works_to, farmacy_id, price) values ('Ingemar', 'Benediktovich', 'ibenediktovichb@pagesperso-orange.fr', '268 Ruskin Trail', 'Duisburg', 'Germany', '767-223-5108', 4.7, '16:20', '20:00', 12, 12.00);
insert into pharmacist (name, surname, email, adress, city, state, phone_num, stars, works_from, works_to, farmacy_id, price) values ('Heinrick', 'Cisneros', 'hcisnerosc@foxnews.com', '55295 Quincy Junction', 'Goczałkowice Zdrój', 'Poland', '554-379-6078', 4.8, '09:36', '21:58', 13, 12.00);
insert into pharmacist (name, surname, email, adress, city, state, phone_num, stars, works_from, works_to, farmacy_id, price) values ('Averil', 'Schust', 'aschustd@wiley.com', '323 Northwestern Parkway', 'Magisterial', 'Mexico', '466-894-0318', 4.2, '09:54', '23:24', 14, 12.00);
insert into pharmacist (name, surname, email, adress, city, state, phone_num, stars, works_from, works_to, farmacy_id, price) values ('Cam', 'Mack', 'cmacke@blogtalkradio.com', '30 Meadow Valley Pass', 'Huashan', 'China', '899-635-9624', 4.6, '05:42', '19:21', 15, 12.00);
insert into pharmacist (name, surname, email, adress, city, state, phone_num, stars, works_from, works_to, farmacy_id, price) values ('Bertrand', 'McKee', 'bmckeef@timesonline.co.uk', '6994 Eggendart Road', 'Lirang', 'China', '489-219-3319', 4.7, '06:24', '11:13', 16, 12.00);
insert into pharmacist (name, surname, email, adress, city, state, phone_num, stars, works_from, works_to, farmacy_id, price) values ('Filip', 'Aveyard', 'faveyardh@pcworld.com', '31845 Sommers Alley', 'Inderka', 'Russia', '508-426-2276', 3.9, '07:50', '21:47', 17, 12.00);
insert into pharmacist (name, surname, email, adress, city, state, phone_num, stars, works_from, works_to, farmacy_id, price) values ('Towney', 'Revill', 'trevilli@wunderground.com', '023 Dennis Parkway', 'Novokizhinginsk', 'Russia', '256-222-9432', 2.5, '06:49', '21:08', 18, 12.00);
insert into pharmacist (name, surname, email, adress, city, state, phone_num, stars, works_from, works_to, farmacy_id, price) values ('Leonhard', 'Eves', 'levesj@gizmodo.com', '3711 Mallard Place', 'Loudun', 'France', '815-313-2104', 3.2, '05:49', '23:57', 19, 12.00);
insert into pharmacist (name, surname, email, adress, city, state, phone_num, stars, works_from, works_to, farmacy_id, price) values ('Eugenia', 'Dewfall', 'edewfallk@ovh.net', '04205 Dennis Center', 'Ban Talat Bueng', 'Thailand', '636-258-1551', 4.2, '04:45', '22:37', 20, 12.00);



insert into dermatologist (email, name, surname, adress, city, state, phone_num, stars) values ('wrobarts0@privacy.gov.au', 'Wyndham', 'Robarts', '779 Birchwood Crossing', 'Aparecida do Taboado', 'Brazil', '468-326-3678', 4.72);
insert into WORKING_HOURS (works_from, works_to, DERMATOLOGIST_EMAIL, farmacy_id) values ('8:45', '18:50', 'wrobarts0@privacy.gov.au', 1);
insert into WORKING_HOURS (works_from, works_to, DERMATOLOGIST_EMAIL, farmacy_id) values ('19:32', '23:00', 'wrobarts0@privacy.gov.au', 2);
insert into vacation_dermatologist (VACATION_ID,BEGINNING,ENDING,STATUS,EMAIL)  values (2, '2021-08-26', '2021-08-30', 'DENIED', 'wrobarts0@privacy.gov.au'); 
insert into vacation_dermatologist (VACATION_ID,BEGINNING,ENDING,STATUS,EMAIL)  values (1, '2021-09-03', '2021-09-10', 'ACCEPTED', 'wrobarts0@privacy.gov.au'); 
insert into derm_appointment (id, DATE_TIME,END_TIME,PRICE,EMAIL,FARMACY_ID, reserved, done)
values (1,'2021-08-26T15:20', '2021-08-26T15:30', 20, 'wrobarts0@privacy.gov.au',1, true, true);
insert into dermapoint_reserved(EMAIL, id) values('acretney7@businessinsider.com',1);
insert into derm_appointment (id, DATE_TIME,END_TIME,PRICE,EMAIL,FARMACY_ID, reserved, done)
values (2,'2021-04-25T15:20', '2021-04-25T15:30', 20, 'wrobarts0@privacy.gov.au',1, true, true);
insert into dermapoint_reserved(EMAIL, id) values('cphidginh@amazonaws.com',2);
insert into derm_appointment (id, DATE_TIME,END_TIME,PRICE,EMAIL,FARMACY_ID, reserved, done)
values (3,'2021-08-25T16:20', '2021-08-25T16:30', 20, 'wrobarts0@privacy.gov.au',1, true, true);
insert into dermapoint_reserved(EMAIL, id) values('stomaszczyki@themeforest.net',3);
insert into derm_appointment (id, DATE_TIME,END_TIME,PRICE,EMAIL,FARMACY_ID, reserved, done)
values (4,'2021-09-01T15:20', '2021-09-01T15:30', 20, 'wrobarts0@privacy.gov.au',1, true, false);
insert into dermapoint_reserved(EMAIL, id) values('mvarrowo@imdb.com',4);
/*penal */
insert into derm_appointment (id, DATE_TIME,END_TIME,PRICE,EMAIL,FARMACY_ID, reserved, done)
values (5,'2021-09-11T15:20', '2021-09-11T15:30', 20, 'wrobarts0@privacy.gov.au',1, false, false);
insert into derm_appointment (id, DATE_TIME,END_TIME,PRICE,EMAIL,FARMACY_ID, reserved, done)
values (6,'2021-09-11T09:20', '2021-09-11T09:30', 20, 'wrobarts0@privacy.gov.au',1, false, false);
insert into derm_appointment (id, DATE_TIME,END_TIME,PRICE,EMAIL,FARMACY_ID, reserved, done)
values (7,'2021-09-11T15:40', '2021-09-11T15:50', 20, 'wrobarts0@privacy.gov.au',1, false, false);
insert into derm_appointment (id, DATE_TIME,END_TIME,PRICE,EMAIL,FARMACY_ID, reserved, done)
values (9,'2021-09-11T16:10', '2021-09-11T16:20', 20, 'wrobarts0@privacy.gov.au',1, true, false);
insert into dermapoint_reserved(EMAIL, id) values('mvarrowo@imdb.com',9);
insert into derm_appointment (id, DATE_TIME,END_TIME,PRICE,EMAIL,FARMACY_ID, reserved, done)
values (10,'2021-09-11T10:20', '2021-09-11T10:30', 20, 'wrobarts0@privacy.gov.au',1, false, false);
insert into derm_appointment (id, DATE_TIME,END_TIME,PRICE,EMAIL,FARMACY_ID, reserved, done)
values (11,'2021-09-11T15:00', '2021-09-11T15:10', 20, 'wrobarts0@privacy.gov.au',1, false, false);
insert into derm_appointment (id, DATE_TIME,END_TIME,PRICE,EMAIL,FARMACY_ID, reserved, done)
values (12,'2021-09-11T13:20', '2021-09-11T13:30', 20, 'wrobarts0@privacy.gov.au',1, false, false);
insert into derm_appointment (id, DATE_TIME,END_TIME,PRICE,EMAIL,FARMACY_ID, reserved, done)
values (13,'2021-09-11T12:20', '2021-09-11T12:30', 20, 'wrobarts0@privacy.gov.au',1, false, false);
insert into derm_appointment (id, DATE_TIME,END_TIME,PRICE,EMAIL,FARMACY_ID, reserved, done)
values (14,'2021-09-11T11:20', '2021-09-11T11:30', 20, 'wrobarts0@privacy.gov.au',1, true, false);
insert into dermapoint_reserved(EMAIL, id) values('eduboisq@unesco.org',14);
insert into derm_appointment (id, DATE_TIME,END_TIME,PRICE,EMAIL,FARMACY_ID, reserved, done)
values (15,'2021-09-11T11:00', '2021-09-11T11:10', 20, 'wrobarts0@privacy.gov.au',1, true, false);
insert into dermapoint_reserved(EMAIL, id) values('apumfreyr@theglobeandmail.com',15);

insert into derm_appointment (id, DATE_TIME,END_TIME,PRICE,EMAIL,FARMACY_ID, reserved, done)
values (16,'2021-08-11T20:20', '2021-08-11T20:30', 20, 'wrobarts0@privacy.gov.au',2, true, true);
insert into dermapoint_reserved(EMAIL, id) values('mvarrowo@imdb.com',16);
insert into derm_appointment (id, DATE_TIME,END_TIME,PRICE,EMAIL,FARMACY_ID, reserved, done)
values (17,'2021-09-01T20:20', '2021-09-01T20:30', 20, 'wrobarts0@privacy.gov.au',2, true, false);
insert into dermapoint_reserved(EMAIL, id) values('apumfreyr@theglobeandmail.com',1);
/*penal*/
insert into derm_appointment (id, DATE_TIME,END_TIME,PRICE,EMAIL,FARMACY_ID, reserved, done)
values (18,'2021-09-11T20:20', '2021-09-11T20:30', 20, 'wrobarts0@privacy.gov.au',2, true, false);
insert into derm_appointment (id, DATE_TIME,END_TIME,PRICE,EMAIL,FARMACY_ID, reserved, done)
values (19,'2021-09-11T21:00', '2021-09-11T21:20', 20, 'wrobarts0@privacy.gov.au',2, true, false);
insert into dermapoint_reserved(EMAIL, id) values('cphidginh@amazonaws.com',19);
insert into derm_appointment (id, DATE_TIME,END_TIME,PRICE,EMAIL,FARMACY_ID, reserved, done)
values (20,'2021-09-11T21:30', '2021-09-11T21:40', 20, 'wrobarts0@privacy.gov.au',2, false, false);
insert into derm_appointment (id, DATE_TIME,END_TIME,PRICE,EMAIL,FARMACY_ID, reserved, done)
values (21,'2021-09-11T21:50', '2021-09-11T22:00', 20, 'wrobarts0@privacy.gov.au',2, false, false);
insert into derm_appointment (id, DATE_TIME,END_TIME,PRICE,EMAIL,FARMACY_ID, reserved, done)
values (23,'2021-09-11T22:10', '2021-09-11T22:30', 20, 'wrobarts0@privacy.gov.au',2, false, false);
insert into derm_appointment (id, DATE_TIME,END_TIME,PRICE,EMAIL,FARMACY_ID, reserved, done)
values (24,'2021-09-11T22:40', '2021-09-11T22:50', 20, 'wrobarts0@privacy.gov.au',2, false, false);





insert into dermatologist (email, name, surname, adress, city, state, phone_num, stars) values ('rgilliland1@harvard.edu', 'Randolph', 'Gilliland', '0 Burrows Court', 'Şaydnāyā', 'Syria', '108-777-7992', 2.28);
insert into WORKING_HOURS (works_from, works_to, DERMATOLOGIST_EMAIL, farmacy_id) values ('20:00', '22:28', 'rgilliland1@harvard.edu', 2);
insert into WORKING_HOURS (works_from, works_to, DERMATOLOGIST_EMAIL, farmacy_id) values ('8:45', '18:50', 'rgilliland1@harvard.edu', 1);
insert into vacation_dermatologist (VACATION_ID,BEGINNING,ENDING,STATUS,EMAIL)  values (24, '2021-12-12', '2021-12-25', 'CREATED', 'rgilliland1@harvard.edu');
insert into derm_appointment (id, DATE_TIME,END_TIME,PRICE,EMAIL,FARMACY_ID, reserved, done)
values (25,'2021-01-26T15:20', '2021-01-26T15:30', 20, 'rgilliland1@harvard.edu',1, true, true);
insert into dermapoint_reserved(EMAIL, id) values('bconersn@w3.org',25);
insert into derm_appointment (id, DATE_TIME,END_TIME,PRICE,EMAIL,FARMACY_ID, reserved, done)
values (26,'2021-08-25T15:20', '2021-08-25T15:30', 20, 'rgilliland1@harvard.edu',1, false, false);
/*niko nije ni rezervisao*/
insert into derm_appointment (id, DATE_TIME,END_TIME,PRICE,EMAIL,FARMACY_ID, reserved, done)
values (27,'2021-08-25T16:20', '2021-08-25T16:30', 20, 'rgilliland1@harvard.edu',1, true, true);
insert into dermapoint_reserved(EMAIL, id) values('cphidginh@amazonaws.com',27);
insert into derm_appointment (id, DATE_TIME,END_TIME,PRICE,EMAIL,FARMACY_ID, reserved, done)
values (28,'2021-08-01T15:20', '2021-08-01T15:30', 20, 'rgilliland1@harvard.edu',1, true, false);
insert into dermapoint_reserved(EMAIL, id) values('mvarrowo@imdb.com',28);
/*penal */
insert into derm_appointment (id, DATE_TIME,END_TIME,PRICE,EMAIL,FARMACY_ID, reserved, done)
values (29,'2021-09-11T15:20', '2021-09-11T15:30', 20, 'rgilliland1@harvard.edu',1, false, false);
insert into derm_appointment (id, DATE_TIME,END_TIME,PRICE,EMAIL,FARMACY_ID, reserved, done)
values (30,'2021-09-11T09:20', '2021-09-11T09:30', 20, 'rgilliland1@harvard.edu',1, false, false);
insert into derm_appointment (id, DATE_TIME,END_TIME,PRICE,EMAIL,FARMACY_ID, reserved, done)
values (31,'2021-09-11T15:40', '2021-09-11T15:50', 20, 'rgilliland1@harvard.edu',1, false, false);
insert into derm_appointment (id, DATE_TIME,END_TIME,PRICE,EMAIL,FARMACY_ID, reserved, done)
values (32,'2021-09-11T16:10', '2021-09-11T16:20', 20, 'rgilliland1@harvard.edu',1, true, false);
insert into dermapoint_reserved(EMAIL, id) values('gbusseys@canalblog.com',32);
insert into derm_appointment (id, DATE_TIME,END_TIME,PRICE,EMAIL,FARMACY_ID, reserved, done)
values (33,'2021-09-11T10:20', '2021-09-11T10:30', 20, 'rgilliland1@harvard.edu',1, false, false);
insert into derm_appointment (id, DATE_TIME,END_TIME,PRICE,EMAIL,FARMACY_ID, reserved, done)
values (34,'2021-09-11T15:00', '2021-09-11T15:10', 20, 'rgilliland1@harvard.edu',1, false, false);
insert into derm_appointment (id, DATE_TIME,END_TIME,PRICE,EMAIL,FARMACY_ID, reserved, done)
values (35,'2021-09-11T13:20', '2021-09-11T13:30', 20, 'rgilliland1@harvard.edu',1, false, false);
insert into derm_appointment (id, DATE_TIME,END_TIME,PRICE,EMAIL,FARMACY_ID, reserved, done)
values (36,'2021-09-11T12:20', '2021-09-11T12:30', 20, 'rgilliland1@harvard.edu',1, false, false);
insert into derm_appointment (id, DATE_TIME,END_TIME,PRICE,EMAIL,FARMACY_ID, reserved, done)
values (37,'2021-09-11T11:20', '2021-09-11T11:30', 20, 'rgilliland1@harvard.edu',1, false, false);
insert into derm_appointment (id, DATE_TIME,END_TIME,PRICE,EMAIL,FARMACY_ID, reserved, done)
values (38,'2021-09-11T11:00', '2021-09-11T11:10', 20, 'rgilliland1@harvard.edu',1, true, false);
insert into dermapoint_reserved(EMAIL, id) values('mvarrowo@imdb.com',38);

insert into derm_appointment (id, DATE_TIME,END_TIME,PRICE,EMAIL,FARMACY_ID, reserved, done)
values (39,'2021-07-11T20:20', '2021-07-11T20:30', 20, 'rgilliland1@harvard.edu',2, true, true);
insert into dermapoint_reserved(EMAIL, id) values('mvarrowo@imdb.com',39);
insert into derm_appointment (id, DATE_TIME,END_TIME,PRICE,EMAIL,FARMACY_ID, reserved, done)
values (40,'2021-09-01T20:20', '2021-09-01T20:30', 20, 'rgilliland1@harvard.edu',2, true, false);
insert into dermapoint_reserved(EMAIL, id) values('cphidginh@amazonaws.com',40);
/*penal*/
insert into derm_appointment (id, DATE_TIME,END_TIME,PRICE,EMAIL,FARMACY_ID, reserved, done)
values (41,'2021-09-11T20:20', '2021-09-11T20:30', 20, 'rgilliland1@harvard.edu',2, true, false);
insert into dermapoint_reserved(EMAIL, id) values('cphidginh@amazonaws.com',41);
insert into derm_appointment (id, DATE_TIME,END_TIME,PRICE,EMAIL,FARMACY_ID, reserved, done)
values (42,'2021-09-11T21:00', '2021-09-11T21:20', 20, 'rgilliland1@harvard.edu',2, true, false);
insert into dermapoint_reserved(EMAIL, id) values('stomaszczyki@themeforest.net',42);
insert into derm_appointment (id, DATE_TIME,END_TIME,PRICE,EMAIL,FARMACY_ID, reserved, done)
values (43,'2021-09-11T21:30', '2021-09-11T21:40', 20, 'rgilliland1@harvard.edu',2, false, false);
insert into derm_appointment (id, DATE_TIME,END_TIME,PRICE,EMAIL,FARMACY_ID, reserved, done)
values (44,'2021-09-11T21:50', '2021-09-11T22:00', 20, 'rgilliland1@harvard.edu',2, false, false);
insert into derm_appointment (id, DATE_TIME,END_TIME,PRICE,EMAIL,FARMACY_ID, reserved, done)
values (45,'2021-09-11T22:10', '2021-09-11T22:30', 20, 'rgilliland1@harvard.edu',2, false, false);
insert into derm_appointment (id, DATE_TIME,END_TIME,PRICE,EMAIL,FARMACY_ID, reserved, done)
values (46,'2021-09-11T22:40', '2021-09-11T22:50', 20, 'rgilliland1@harvard.edu',2, false, false);






insert into dermatologist (email, name, surname, adress, city, state, phone_num, stars) values ('rbalharry2@eepurl.com', 'Rex', 'Balharry', '828 Service Pass', 'Zhonghe', 'China', '428-361-1527', 1.47);
insert into WORKING_HOURS (works_from, works_to, DERMATOLOGIST_EMAIL, farmacy_id) values ('8:10', '22:10', 'rbalharry2@eepurl.com', 3);
insert into vacation_dermatologist (VACATION_ID,BEGINNING,ENDING,STATUS,EMAIL)  values (23, '2021-12-12', '2021-12-25', 'CREATED', 'rbalharry2@eepurl.com');
insert into derm_appointment (id, DATE_TIME,END_TIME,PRICE,EMAIL,FARMACY_ID, reserved, done)
values (47,'2021-02-26T15:20', '2021-02-26T15:30', 15, 'rbalharry2@eepurl.com',3, true, true);
insert into dermapoint_reserved(EMAIL, id) values('bconersn@w3.org',47);
insert into derm_appointment (id, DATE_TIME,END_TIME,PRICE,EMAIL,FARMACY_ID, reserved, done)
values (48,'2021-01-25T15:20', '2021-01-25T15:30', 15, 'rbalharry2@eepurl.com',3, true, true);
insert into dermapoint_reserved(EMAIL, id) values('stomaszczyki@themeforest.net',42);
insert into derm_appointment (id, DATE_TIME,END_TIME,PRICE,EMAIL,FARMACY_ID, reserved, done)
values (49,'2021-06-25T16:20', '2021-06-25T16:30', 15, 'rbalharry2@eepurl.com',3, true, true);
insert into dermapoint_reserved(EMAIL, id) values('mvarrowo@imdb.com',49);
insert into derm_appointment (id, DATE_TIME,END_TIME,PRICE,EMAIL,FARMACY_ID, reserved, done)
values (50,'2021-09-01T15:20', '2021-09-01T15:30', 15, 'rbalharry2@eepurl.com',3, true, false);
insert into dermapoint_reserved(EMAIL, id) values('gbusseys@canalblog.com',50);
/*penal */
insert into derm_appointment (id, DATE_TIME,END_TIME,PRICE,EMAIL,FARMACY_ID, reserved, done)
values (51,'2021-09-11T15:20', '2021-09-11T15:30', 15, 'rbalharry2@eepurl.com',3, false, false);
insert into derm_appointment (id, DATE_TIME,END_TIME,PRICE,EMAIL,FARMACY_ID, reserved, done)
values (52,'2021-09-11T09:20', '2021-09-11T09:30', 15, 'rbalharry2@eepurl.com',3, false, false);
insert into derm_appointment (id, DATE_TIME,END_TIME,PRICE,EMAIL,FARMACY_ID, reserved, done)
values (53,'2021-09-11T15:40', '2021-09-11T15:50', 15, 'rbalharry2@eepurl.com',3, false, false);
insert into derm_appointment (id, DATE_TIME,END_TIME,PRICE,EMAIL,FARMACY_ID, reserved, done)
values (54,'2021-09-11T16:10', '2021-09-11T16:20', 15, 'rbalharry2@eepurl.com',3, false, false);
insert into derm_appointment (id, DATE_TIME,END_TIME,PRICE,EMAIL,FARMACY_ID, reserved, done)
values (55,'2021-09-11T10:20', '2021-09-11T10:30', 15, 'rbalharry2@eepurl.com',3, false, false);
insert into derm_appointment (id, DATE_TIME,END_TIME,PRICE,EMAIL,FARMACY_ID, reserved, done)
values (56,'2021-09-11T15:00', '2021-09-11T15:10', 15, 'rbalharry2@eepurl.com',3, false, false);
insert into derm_appointment (id, DATE_TIME,END_TIME,PRICE,EMAIL,FARMACY_ID, reserved, done)
values (57,'2021-09-11T13:20', '2021-09-11T13:30', 15, 'rbalharry2@eepurl.com',3, false, false);
insert into derm_appointment (id, DATE_TIME,END_TIME,PRICE,EMAIL,FARMACY_ID, reserved, done)
values (58,'2021-09-11T12:20', '2021-09-11T12:30', 15, 'rbalharry2@eepurl.com',3, false, false);
insert into derm_appointment (id, DATE_TIME,END_TIME,PRICE,EMAIL,FARMACY_ID, reserved, done)
values (59,'2021-09-11T11:20', '2021-09-11T11:30', 15, 'rbalharry2@eepurl.com',3, false, false);
insert into derm_appointment (id, DATE_TIME,END_TIME,PRICE,EMAIL,FARMACY_ID, reserved, done)
values (60,'2021-09-11T11:00', '2021-09-11T11:10', 15, 'rbalharry2@eepurl.com',3, true, false);
insert into dermapoint_reserved(EMAIL, id) values('gbusseys@canalblog.com',60);





insert into dermatologist (email, name, surname, adress, city, state, phone_num, stars) values ('jbailess3@intel.com', 'Jodie', 'Bailess', '39058 Ronald Regan Center', 'Nowosielce', 'Poland', '376-717-6112', 3.13);
insert into WORKING_HOURS (works_from, works_to, DERMATOLOGIST_EMAIL, farmacy_id) values ('8:48', '20:52', 'jbailess3@intel.com', 4);
insert into vacation_dermatologist (VACATION_ID,BEGINNING,ENDING,STATUS,EMAIL)  values (22, '2021-09-12', '2021-09-25', 'ACCEPTED', 'jbailess3@intel.com');
insert into derm_appointment (id, DATE_TIME,END_TIME,PRICE,EMAIL,FARMACY_ID, reserved, done)
values (61,'2021-03-26T15:20', '2021-03-26T15:30', 18, 'jbailess3@intel.com',4, true, true);
insert into dermapoint_reserved(EMAIL, id) values('bconersn@w3.org',61);
insert into derm_appointment (id, DATE_TIME,END_TIME,PRICE,EMAIL,FARMACY_ID, reserved, done)
values (62,'2021-05-25T15:20', '2021-05-25T15:30', 18, 'jbailess3@intel.com',4, true, true);
insert into dermapoint_reserved(EMAIL, id) values('mvarrowo@imdb.com',62);
insert into derm_appointment (id, DATE_TIME,END_TIME,PRICE,EMAIL,FARMACY_ID, reserved, done)
values (63,'2021-02-25T16:20', '2021-02-25T16:30', 18, 'jbailess3@intel.com',4, true, true);
insert into dermapoint_reserved(EMAIL, id) values('egattyp@umn.edu',63);
insert into derm_appointment (id, DATE_TIME,END_TIME,PRICE,EMAIL,FARMACY_ID, reserved, done)
values (64,'2021-09-11T15:20', '2021-09-11T15:30', 18, 'jbailess3@intel.com',4, false, false);
insert into derm_appointment (id, DATE_TIME,END_TIME,PRICE,EMAIL,FARMACY_ID, reserved, done)
values (65,'2021-09-11T09:20', '2021-09-11T09:30', 18, 'jbailess3@intel.com',4, false, false);
insert into derm_appointment (id, DATE_TIME,END_TIME,PRICE,EMAIL,FARMACY_ID, reserved, done)
values (66,'2021-09-11T15:40', '2021-09-11T15:50', 18, 'jbailess3@intel.com',4, false, false);
insert into derm_appointment (id, DATE_TIME,END_TIME,PRICE,EMAIL,FARMACY_ID, reserved, done)
values (67,'2021-09-11T16:10', '2021-09-11T16:20', 18, 'jbailess3@intel.com',4, true, false);
insert into dermapoint_reserved(EMAIL, id) values('egattyp@umn.edu',67);
insert into derm_appointment (id, DATE_TIME,END_TIME,PRICE,EMAIL,FARMACY_ID, reserved, done)
values (68,'2021-09-11T10:20', '2021-09-11T10:30', 18, 'jbailess3@intel.com',4, false, false);
insert into derm_appointment (id, DATE_TIME,END_TIME,PRICE,EMAIL,FARMACY_ID, reserved, done)
values (69,'2021-09-11T15:00', '2021-09-11T15:10', 18, 'jbailess3@intel.com',4, false, false);
insert into derm_appointment (id, DATE_TIME,END_TIME,PRICE,EMAIL,FARMACY_ID, reserved, done)
values (70,'2021-09-11T13:20', '2021-09-11T13:30', 18, 'jbailess3@intel.com',4, false, false);
insert into derm_appointment (id, DATE_TIME,END_TIME,PRICE,EMAIL,FARMACY_ID, reserved, done)
values (71,'2021-09-11T12:20', '2021-09-11T12:30', 18, 'jbailess3@intel.com',4, false, false);
insert into derm_appointment (id, DATE_TIME,END_TIME,PRICE,EMAIL,FARMACY_ID, reserved, done)
values (72,'2021-09-11T11:20', '2021-09-11T11:30', 18, 'jbailess3@intel.com',4, true, false);
insert into dermapoint_reserved(EMAIL, id) values('mvarrowo@imdb.com',72);
insert into derm_appointment (id, DATE_TIME,END_TIME,PRICE,EMAIL,FARMACY_ID, reserved, done)
values (73,'2021-09-11T11:00', '2021-09-11T11:10', 18, 'jbailess3@intel.com',4, false, false);




insert into dermatologist (email, name, surname, adress, city, state, phone_num, stars) values ('mwrefford4@intel.com', 'Marcellus', 'Wrefford', '8 Fairfield Crossing', 'Ampelákia', 'Greece', '178-754-8473', 1.58);
insert into WORKING_HOURS (works_from, works_to, DERMATOLOGIST_EMAIL, farmacy_id) values ('6:05', '9:22', 'mwrefford4@intel.com', 5);
insert into vacation_dermatologist (VACATION_ID,BEGINNING,ENDING,STATUS,EMAIL)  values (6, '2021-12-12', '2021-12-25', 'DENIED', 'mwrefford4@intel.com');
insert into vacation_dermatologist (VACATION_ID,BEGINNING,ENDING,STATUS,EMAIL)  values (21, '2021-11-12', '2021-11-25', 'ACCEPTED', 'mwrefford4@intel.com');
insert into derm_appointment (id, DATE_TIME,END_TIME,PRICE,EMAIL,FARMACY_ID, reserved, done)
values (74,'2021-06-26T15:20', '2021-06-26T15:30', 18, 'mwrefford4@intel.com',5, true, true);
insert into dermapoint_reserved(EMAIL, id) values('bconersn@w3.org',74);
insert into derm_appointment (id, DATE_TIME,END_TIME,PRICE,EMAIL,FARMACY_ID, reserved, done)
values (75,'2021-05-25T15:20', '2021-05-25T15:30', 18, 'mwrefford4@intel.com',5, true, true);
insert into dermapoint_reserved(EMAIL, id) values('bconersn@w3.org',75);
insert into derm_appointment (id, DATE_TIME,END_TIME,PRICE,EMAIL,FARMACY_ID, reserved, done)
values (76,'2021-04-25T16:20', '2021-04-25T16:30', 18, 'mwrefford4@intel.com',5, true, true);
insert into dermapoint_reserved(EMAIL, id) values('bconersn@w3.org',76);
insert into derm_appointment (id, DATE_TIME,END_TIME,PRICE,EMAIL,FARMACY_ID, reserved, done)
values (77,'2021-09-11T06:20', '2021-09-11T06:30', 18, 'mwrefford4@intel.com',5, false, false);
insert into derm_appointment (id, DATE_TIME,END_TIME,PRICE,EMAIL,FARMACY_ID, reserved, done)
values (78,'2021-09-11T07:20', '2021-09-11T07:30', 18, 'mwrefford4@intel.com',5, false, false);
insert into derm_appointment (id, DATE_TIME,END_TIME,PRICE,EMAIL,FARMACY_ID, reserved, done)
values (79,'2021-09-11T07:40', '2021-09-11T07:50', 18, 'mwrefford4@intel.com',5, false, false);
insert into derm_appointment (id, DATE_TIME,END_TIME,PRICE,EMAIL,FARMACY_ID, reserved, done)
values (80,'2021-09-11T08:10', '2021-09-11T08:20', 18, 'mwrefford4@intel.com',5, true, false);
insert into dermapoint_reserved(EMAIL, id) values('bconersn@w3.org',80);
insert into derm_appointment (id, DATE_TIME,END_TIME,PRICE,EMAIL,FARMACY_ID, reserved, done)
values (81,'2021-09-11T09:10', '2021-09-11T09:20', 18, 'mwrefford4@intel.com',5, false, false);





insert into dermatologist (email, name, surname, adress, city, state, phone_num, stars) values ('graatz5@tuttocitta.it', 'Gaspard', 'Raatz', '0356 Pond Pass', 'Can-Avid', 'Philippines', '894-574-7929', 1.67);
insert into WORKING_HOURS (works_from, works_to, DERMATOLOGIST_EMAIL, farmacy_id) values ('10:58', '20:57', 'graatz5@tuttocitta.it', 6);
insert into derm_appointment (id, DATE_TIME,END_TIME,PRICE,EMAIL,FARMACY_ID, reserved, done)
values (82,'2021-06-26T15:20', '2021-06-26T15:30', 15, 'graatz5@tuttocitta.it',6, true, true);
insert into dermapoint_reserved(EMAIL, id) values('cjancicg@mtv.com',82);
insert into derm_appointment (id, DATE_TIME,END_TIME,PRICE,EMAIL,FARMACY_ID, reserved, done)
values (83,'2021-08-25T15:20', '2021-08-25T15:30', 15, 'graatz5@tuttocitta.it',6, true, true);
insert into dermapoint_reserved(EMAIL, id) values('bconersn@w3.org',83);
insert into derm_appointment (id, DATE_TIME,END_TIME,PRICE,EMAIL,FARMACY_ID, reserved, done)
values (84,'2021-07-25T16:20', '2021-07-25T16:30', 15, 'graatz5@tuttocitta.it',6, true, true);
insert into dermapoint_reserved(EMAIL, id) values('bconersn@w3.org',84);
insert into derm_appointment (id, DATE_TIME,END_TIME,PRICE,EMAIL,FARMACY_ID, reserved, done)
values (85,'2021-09-01T15:20', '2021-09-01T15:30', 15, 'graatz5@tuttocitta.it',6, true, false);
insert into dermapoint_reserved(EMAIL, id) values('bconersn@w3.org',85);
/*penal */
insert into derm_appointment (id, DATE_TIME,END_TIME,PRICE,EMAIL,FARMACY_ID, reserved, done)
values (86,'2021-09-11T15:20', '2021-09-11T15:30', 15, 'graatz5@tuttocitta.it',6, false, false);
insert into derm_appointment (id, DATE_TIME,END_TIME,PRICE,EMAIL,FARMACY_ID, reserved, done)
values (87,'2021-09-11T11:00', '2021-09-11T11:10', 15, 'graatz5@tuttocitta.it',6, false, false);
insert into derm_appointment (id, DATE_TIME,END_TIME,PRICE,EMAIL,FARMACY_ID, reserved, done)
values (88,'2021-09-11T15:40', '2021-09-11T15:50', 15, 'graatz5@tuttocitta.it',6, false, false);
insert into derm_appointment (id, DATE_TIME,END_TIME,PRICE,EMAIL,FARMACY_ID, reserved, done)
values (89,'2021-09-11T16:10', '2021-09-11T16:20', 15, 'graatz5@tuttocitta.it',6, true, false);
insert into dermapoint_reserved(EMAIL, id) values('blistj@oracle.com',89);
insert into derm_appointment (id, DATE_TIME,END_TIME,PRICE,EMAIL,FARMACY_ID, reserved, done)
values (90,'2021-09-11T11:20', '2021-09-11T11:30', 15, 'graatz5@tuttocitta.it',6, false, false);
insert into derm_appointment (id, DATE_TIME,END_TIME,PRICE,EMAIL,FARMACY_ID, reserved, done)
values (91,'2021-09-11T15:00', '2021-09-11T15:10', 15, 'graatz5@tuttocitta.it',6, false, false);
insert into derm_appointment (id, DATE_TIME,END_TIME,PRICE,EMAIL,FARMACY_ID, reserved, done)
values (92,'2021-09-11T13:20', '2021-09-11T13:30', 15, 'graatz5@tuttocitta.it',6, false, false);
insert into derm_appointment (id, DATE_TIME,END_TIME,PRICE,EMAIL,FARMACY_ID, reserved, done)
values (93,'2021-09-11T12:20', '2021-09-11T12:30', 15, 'graatz5@tuttocitta.it',6, false, false);
insert into derm_appointment (id, DATE_TIME,END_TIME,PRICE,EMAIL,FARMACY_ID, reserved, done)
values (94,'2021-09-11T11:40', '2021-09-11T11:50', 15, 'graatz5@tuttocitta.it',6, false, false);
insert into derm_appointment (id, DATE_TIME,END_TIME,PRICE,EMAIL,FARMACY_ID, reserved, done)
values (95,'2021-09-11T12:00', '2021-09-11T12:10', 15, 'graatz5@tuttocitta.it',6, true, false);
insert into dermapoint_reserved(EMAIL, id) values('blistj@oracle.com',95);



insert into dermatologist (email, name, surname, adress, city, state, phone_num, stars) values ('ablant6@bigcartel.com', 'Alina', 'Blant', '44941 Pankratz Point', 'Plymouth', 'Montserrat', '323-602-9973', 2.58);
insert into WORKING_HOURS (works_from, works_to, DERMATOLOGIST_EMAIL, farmacy_id) values ('9:57', '13:36', 'ablant6@bigcartel.com', 7);
insert into WORKING_HOURS (works_from, works_to, DERMATOLOGIST_EMAIL, farmacy_id) values ('15:00', '23:41', 'ablant6@bigcartel.com', 8);
insert into derm_appointment (id, DATE_TIME,END_TIME,PRICE,EMAIL,FARMACY_ID, reserved, done)
values (96,'2021-07-26T15:20', '2021-07-26T15:30', 20, 'ablant6@bigcartel.com',7, true, true);
insert into dermapoint_reserved(EMAIL, id) values('cjancicg@mtv.com',96);
insert into derm_appointment (id, DATE_TIME,END_TIME,PRICE,EMAIL,FARMACY_ID, reserved, done)
values (97,'2021-08-25T15:20', '2021-08-25T15:30', 20, 'ablant6@bigcartel.com',7, false, false);
/*niko nije ni rezervisao*/
insert into derm_appointment (id, DATE_TIME,END_TIME,PRICE,EMAIL,FARMACY_ID, reserved, done)
values (98,'2021-08-25T16:20', '2021-08-25T16:30', 20, 'ablant6@bigcartel.com',7, true, true);
insert into dermapoint_reserved(EMAIL, id) values('blistj@oracle.com',98);
insert into derm_appointment (id, DATE_TIME,END_TIME,PRICE,EMAIL,FARMACY_ID, reserved, done)
values (99,'2021-09-11T13:20', '2021-09-11T13:30', 20, 'ablant6@bigcartel.com',7, false, false);
insert into derm_appointment (id, DATE_TIME,END_TIME,PRICE,EMAIL,FARMACY_ID, reserved, done)
values (100,'2021-09-11T10:20', '2021-09-11T10:30', 20, 'ablant6@bigcartel.com',7, false, false);
insert into derm_appointment (id, DATE_TIME,END_TIME,PRICE,EMAIL,FARMACY_ID, reserved, done)
values (101,'2021-09-11T10:40', '2021-09-11T10:50', 20, 'ablant6@bigcartel.com',7, false, false);
insert into derm_appointment (id, DATE_TIME,END_TIME,PRICE,EMAIL,FARMACY_ID, reserved, done)
values (102,'2021-09-11T10:10', '2021-09-11T10:20', 20, 'ablant6@bigcartel.com',7, false, false);
insert into derm_appointment (id, DATE_TIME,END_TIME,PRICE,EMAIL,FARMACY_ID, reserved, done)
values (103,'2021-09-11T11:20', '2021-09-11T11:30', 20, 'ablant6@bigcartel.com',7, false, false);
insert into derm_appointment (id, DATE_TIME,END_TIME,PRICE,EMAIL,FARMACY_ID, reserved, done)
values (104,'2021-09-11T11:00', '2021-09-11T11:10', 20, 'ablant6@bigcartel.com',7, false, false);
insert into derm_appointment (id, DATE_TIME,END_TIME,PRICE,EMAIL,FARMACY_ID, reserved, done)
values (105,'2021-09-11T12:20', '2021-09-11T12:30', 20, 'ablant6@bigcartel.com',7, false, false);
insert into derm_appointment (id, DATE_TIME,END_TIME,PRICE,EMAIL,FARMACY_ID, reserved, done)
values (106,'2021-09-11T12:40', '2021-09-11T12:50', 20, 'ablant6@bigcartel.com',7, false, false);
insert into derm_appointment (id, DATE_TIME,END_TIME,PRICE,EMAIL,FARMACY_ID, reserved, done)
values (107,'2021-09-11T12:50', '2021-09-11T13:00', 20, 'ablant6@bigcartel.com',7, true, false);
insert into dermapoint_reserved(EMAIL, id) values('acretney7@businessinsider.com',107);
insert into derm_appointment (id, DATE_TIME,END_TIME,PRICE,EMAIL,FARMACY_ID, reserved, done)
values (108,'2021-09-11T13:10', '2021-09-11T13:20', 20, 'ablant6@bigcartel.com',7, false, false);

insert into derm_appointment (id, DATE_TIME,END_TIME,PRICE,EMAIL,FARMACY_ID, reserved, done)
values (109,'2021-04-11T20:20', '2021-04-11T20:30', 20, 'ablant6@bigcartel.com',8, true, true);
insert into dermapoint_reserved(EMAIL, id) values('mvarrowo@imdb.com',109);
insert into derm_appointment (id, DATE_TIME,END_TIME,PRICE,EMAIL,FARMACY_ID, reserved, done)
values (110,'2021-09-01T20:20', '2021-09-01T20:30', 20, 'ablant6@bigcartel.com',8, true, false);
insert into dermapoint_reserved(EMAIL, id) values('blistj@oracle.com',110);
/*penal*/
insert into derm_appointment (id, DATE_TIME,END_TIME,PRICE,EMAIL,FARMACY_ID, reserved, done)
values (111,'2021-09-11T20:20', '2021-09-11T20:30', 20, 'ablant6@bigcartel.com',8, false, false);
insert into derm_appointment (id, DATE_TIME,END_TIME,PRICE,EMAIL,FARMACY_ID, reserved, done)
values (112,'2021-09-11T21:00', '2021-09-11T21:20', 20, 'ablant6@bigcartel.com',8, false, false);
insert into derm_appointment (id, DATE_TIME,END_TIME,PRICE,EMAIL,FARMACY_ID, reserved, done)
values (113,'2021-09-11T21:30', '2021-09-11T21:40', 20, 'ablant6@bigcartel.com',8, false, false);
insert into derm_appointment (id, DATE_TIME,END_TIME,PRICE,EMAIL,FARMACY_ID, reserved, done)
values (114,'2021-09-11T21:50', '2021-09-11T22:00', 20, 'ablant6@bigcartel.com',8, true, false);
insert into dermapoint_reserved(EMAIL, id) values('bconersn@w3.org',111);
insert into derm_appointment (id, DATE_TIME,END_TIME,PRICE,EMAIL,FARMACY_ID, reserved, done)
values (115,'2021-09-11T22:10', '2021-09-11T22:30', 20, 'ablant6@bigcartel.com',8, false, false);
insert into derm_appointment (id, DATE_TIME,END_TIME,PRICE,EMAIL,FARMACY_ID, reserved, done)
values (116,'2021-09-11T22:40', '2021-09-11T22:50', 20, 'ablant6@bigcartel.com',8, false, false);





insert into dermatologist (email, name, surname, adress, city, state, phone_num, stars) values ('mmilksop7@devhub.com', 'Mureil', 'Milksop', '3308 Golden Leaf Court', 'Sūrāb', 'Pakistan', '966-315-1619', 4.23);
insert into WORKING_HOURS (works_from, works_to, DERMATOLOGIST_EMAIL, farmacy_id) values ('6:54', '10:07', 'mmilksop7@devhub.com', 8);
insert into vacation_dermatologist (VACATION_ID,BEGINNING,ENDING,STATUS,EMAIL)  values (19, '2021-08-30', '2021-09-09', 'ACCEPTED', 'mmilksop7@devhub.com');
insert into derm_appointment (id, DATE_TIME,END_TIME,PRICE,EMAIL,FARMACY_ID, reserved, done)
values (117,'2021-08-26T15:20', '2021-08-26T15:30', 18, 'mmilksop7@devhub.com',8, true, true);
insert into dermapoint_reserved(EMAIL, id) values('cjancicg@mtv.com',117);
insert into derm_appointment (id, DATE_TIME,END_TIME,PRICE,EMAIL,FARMACY_ID, reserved, done)
values (118,'2021-08-23T15:20', '2021-08-23T15:30', 18, 'mmilksop7@devhub.com',8, true, true);
insert into dermapoint_reserved(EMAIL, id) values('acretney7@businessinsider.com',118);
insert into derm_appointment (id, DATE_TIME,END_TIME,PRICE,EMAIL,FARMACY_ID, reserved, done)
values (119,'2021-07-25T16:20', '2021-07-25T16:30', 18, 'mmilksop7@devhub.com',8, true, true);
insert into dermapoint_reserved(EMAIL, id) values('blistj@oracle.com',119);
insert into derm_appointment (id, DATE_TIME,END_TIME,PRICE,EMAIL,FARMACY_ID, reserved, done)
values (120,'2021-09-11T06:20', '2021-09-11T06:30', 18, 'mmilksop7@devhub.com',8, false, false);
insert into derm_appointment (id, DATE_TIME,END_TIME,PRICE,EMAIL,FARMACY_ID, reserved, done)
values (121,'2021-09-11T07:20', '2021-09-11T07:30', 18, 'mmilksop7@devhub.com',8, false, false);
insert into derm_appointment (id, DATE_TIME,END_TIME,PRICE,EMAIL,FARMACY_ID, reserved, done)
values (122,'2021-09-11T07:40', '2021-09-11T07:50', 18, 'mmilksop7@devhub.com',8, false, false);
insert into derm_appointment (id, DATE_TIME,END_TIME,PRICE,EMAIL,FARMACY_ID, reserved, done)
values (123,'2021-09-11T08:10', '2021-09-11T08:20', 18, 'mmilksop7@devhub.com',8, true, false);
insert into dermapoint_reserved(EMAIL, id) values('bconersn@w3.org',123);
insert into derm_appointment (id, DATE_TIME,END_TIME,PRICE,EMAIL,FARMACY_ID, reserved, done)
values (124,'2021-09-11T09:10', '2021-09-11T09:20', 18, 'mmilksop7@devhub.com',8, false, false);





insert into dermatologist (email, name, surname, adress, city, state, phone_num, stars) values ('dbusfield8@go.com', 'Dusty', 'Busfield', '92 Glendale Park', 'Hexi', 'China', '401-492-4420', 3.37);
insert into WORKING_HOURS (works_from, works_to, DERMATOLOGIST_EMAIL, farmacy_id) values ('5:17', '9:28', 'dbusfield8@go.com', 9);
insert into vacation_dermatologist (VACATION_ID,BEGINNING,ENDING,STATUS,EMAIL)  values (17, '2021-09-01', '2021-09-10', 'ACCEPTED', 'dbusfield8@go.com'); 
insert into vacation_dermatologist (VACATION_ID,BEGINNING,ENDING,STATUS,EMAIL)  values (18, '2021-09-12', '2021-09-15', 'ACCEPTED', 'dbusfield8@go.com');
insert into derm_appointment (id, DATE_TIME,END_TIME,PRICE,EMAIL,FARMACY_ID, reserved, done)
values (125,'2021-05-26T15:20', '2021-05-26T15:30', 18, 'dbusfield8@go.com',9, true, true);
insert into dermapoint_reserved(EMAIL, id) values('lyeatmanm@amazon.co.jp',125);
insert into derm_appointment (id, DATE_TIME,END_TIME,PRICE,EMAIL,FARMACY_ID, reserved, done)
values (126,'2021-04-25T15:20', '2021-04-25T15:30', 18, 'dbusfield8@go.com',9, true, true);
insert into dermapoint_reserved(EMAIL, id) values('lyeatmanm@amazon.co.jp',126);
insert into derm_appointment (id, DATE_TIME,END_TIME,PRICE,EMAIL,FARMACY_ID, reserved, done)
values (127,'2021-06-25T16:20', '2021-06-25T16:30', 18, 'dbusfield8@go.com',9, true, true);
insert into dermapoint_reserved(EMAIL, id) values('lyeatmanm@amazon.co.jp',127);
insert into derm_appointment (id, DATE_TIME,END_TIME,PRICE,EMAIL,FARMACY_ID, reserved, done)
values (128,'2021-09-11T06:20', '2021-09-11T06:30', 18, 'dbusfield8@go.com',9, false, false);
insert into derm_appointment (id, DATE_TIME,END_TIME,PRICE,EMAIL,FARMACY_ID, reserved, done)
values (129,'2021-09-11T07:20', '2021-09-11T07:30', 18, 'dbusfield8@go.com',9, false, false);
insert into derm_appointment (id, DATE_TIME,END_TIME,PRICE,EMAIL,FARMACY_ID, reserved, done)
values (130,'2021-09-11T07:40', '2021-09-11T07:50', 18, 'dbusfield8@go.com',9, false, false);
insert into derm_appointment (id, DATE_TIME,END_TIME,PRICE,EMAIL,FARMACY_ID, reserved, done)
values (131,'2021-09-11T08:10', '2021-09-11T08:20', 18, 'dbusfield8@go.com',9, true, false);
insert into dermapoint_reserved(EMAIL, id) values('acretney7@businessinsider.com',131);
insert into derm_appointment (id, DATE_TIME,END_TIME,PRICE,EMAIL,FARMACY_ID, reserved, done)
values (132,'2021-09-11T09:10', '2021-09-11T09:20', 18, 'dbusfield8@go.com',9, false, false);




insert into dermatologist (email, name, surname, adress, city, state, phone_num, stars) values ('msnoxell9@prweb.com', 'Mara', 'Snoxell', '01847 Amoth Trail', 'Guiwu', 'China', '203-762-8165', 4.09);
insert into WORKING_HOURS (works_from, works_to, DERMATOLOGIST_EMAIL, farmacy_id) values ('11:00', '23:41', 'msnoxell9@prweb.com', 10);
insert into vacation_dermatologist (VACATION_ID,BEGINNING,ENDING,STATUS,EMAIL)  values (5, '2021-08-12', '2021-08-25', 'DENIED', 'msnoxell9@prweb.com');
insert into vacation_dermatologist (VACATION_ID,BEGINNING,ENDING,STATUS,EMAIL)  values (15, '2021-09-07', '2021-09-10', 'ACCEPTED', 'msnoxell9@prweb.com'); 
insert into vacation_dermatologist (VACATION_ID,BEGINNING,ENDING,STATUS,EMAIL)  values (16, '2021-09-18', '2021-09-25', 'ACCEPTED', 'msnoxell9@prweb.com'); 
insert into derm_appointment (id, DATE_TIME,END_TIME,PRICE,EMAIL,FARMACY_ID, reserved, done)
values (167,'2021-08-26T15:20', '2021-08-26T15:30', 18, 'msnoxell9@prweb.com',10, true, true);
insert into dermapoint_reserved(EMAIL, id) values('ddumbaref@theguardian.com',167);
insert into derm_appointment (id, DATE_TIME,END_TIME,PRICE,EMAIL,FARMACY_ID, reserved, done)
values (133,'2021-07-25T15:20', '2021-07-25T15:30', 18, 'msnoxell9@prweb.com',10, true, true);
insert into dermapoint_reserved(EMAIL, id) values('lyeatmanm@amazon.co.jp',133);
insert into derm_appointment (id, DATE_TIME,END_TIME,PRICE,EMAIL,FARMACY_ID, reserved, done)
values (134,'2021-03-25T16:20', '2021-03-25T16:30', 18, 'msnoxell9@prweb.com',10, true, true);
insert into dermapoint_reserved(EMAIL, id) values('mvarrowo@imdb.com',134);
insert into derm_appointment (id, DATE_TIME,END_TIME,PRICE,EMAIL,FARMACY_ID, reserved, done)
values (135,'2021-09-11T11:20', '2021-09-11T11:30', 18, 'msnoxell9@prweb.com',10, false, false);
insert into derm_appointment (id, DATE_TIME,END_TIME,PRICE,EMAIL,FARMACY_ID, reserved, done)
values (136,'2021-09-11T12:20', '2021-09-11T12:30', 18, 'msnoxell9@prweb.com',10, false, false);
insert into derm_appointment (id, DATE_TIME,END_TIME,PRICE,EMAIL,FARMACY_ID, reserved, done)
values (137,'2021-09-11T11:40', '2021-09-11T11:50', 18, 'msnoxell9@prweb.com',10, false, false);
insert into derm_appointment (id, DATE_TIME,END_TIME,PRICE,EMAIL,FARMACY_ID, reserved, done)
values (138,'2021-09-11T11:10', '2021-09-11T11:20', 18, 'msnoxell9@prweb.com',10, false, false);
insert into derm_appointment (id, DATE_TIME,END_TIME,PRICE,EMAIL,FARMACY_ID, reserved, done)
values (139,'2021-09-11T12:10', '2021-09-11T12:20', 18, 'msnoxell9@prweb.com',10, true, false);
insert into dermapoint_reserved(EMAIL, id) values('otitfordl@etsy.com',139);
insert into derm_appointment (id, DATE_TIME,END_TIME,PRICE,EMAIL,FARMACY_ID, reserved, done)
values (142,'2021-09-11T20:20', '2021-09-11T20:30', 20, 'msnoxell9@prweb.com',10, false, false);
insert into derm_appointment (id, DATE_TIME,END_TIME,PRICE,EMAIL,FARMACY_ID, reserved, done)
values (143,'2021-09-11T21:00', '2021-09-11T21:20', 20, 'msnoxell9@prweb.com',10, false, false);
insert into derm_appointment (id, DATE_TIME,END_TIME,PRICE,EMAIL,FARMACY_ID, reserved, done)
values (144,'2021-09-11T21:30', '2021-09-11T21:40', 20, 'msnoxell9@prweb.com',10, true, false);
insert into dermapoint_reserved(EMAIL, id) values('ddumbaref@theguardian.com',144);
insert into derm_appointment (id, DATE_TIME,END_TIME,PRICE,EMAIL,FARMACY_ID, reserved, done)
values (145,'2021-09-11T21:50', '2021-09-11T22:00', 20, 'msnoxell9@prweb.com',10, false, false);
insert into derm_appointment (id, DATE_TIME,END_TIME,PRICE,EMAIL,FARMACY_ID, reserved, done)
values (146,'2021-09-11T22:10', '2021-09-11T22:30', 20, 'msnoxell9@prweb.com',10, false, false);
insert into derm_appointment (id, DATE_TIME,END_TIME,PRICE,EMAIL,FARMACY_ID, reserved, done)
values (147,'2021-09-11T22:40', '2021-09-11T22:50', 20, 'msnoxell9@prweb.com',10, false, false);





insert into dermatologist (email, name, surname, adress, city, state, phone_num, stars) values ('asleenya@github.io', 'Aubrey', 'Sleeny', '24648 Barnett Center', 'Mouhijärvi', 'Finland', '666-510-4936', 2.12);
insert into WORKING_HOURS (works_from, works_to, DERMATOLOGIST_EMAIL, farmacy_id) values ('8:45', '10:50', 'asleenya@github.io', 11);
insert into WORKING_HOURS (works_from, works_to, DERMATOLOGIST_EMAIL, farmacy_id) values ('11:17', '19:28', 'asleenya@github.io', 7);
insert into vacation_dermatologist (VACATION_ID,BEGINNING,ENDING,STATUS,EMAIL)  values (3, '2021-08-23', '2021-08-25', 'DENIED', 'asleenya@github.io');
insert into vacation_dermatologist (VACATION_ID,BEGINNING,ENDING,STATUS,EMAIL)  values (13, '2021-09-12', '2021-09-25', 'ACCEPTED', 'asleenya@github.io'); 
insert into vacation_dermatologist (VACATION_ID,BEGINNING,ENDING,STATUS,EMAIL)  values (14, '2021-10-12', '2021-10-14', 'ACCEPTED', 'asleenya@github.io'); 
insert into derm_appointment (id, DATE_TIME,END_TIME,PRICE,EMAIL,FARMACY_ID, reserved, done)
values (148,'2021-04-26T15:20', '2021-04-26T15:30', 20, 'asleenya@github.io',11, true, true);
insert into dermapoint_reserved(EMAIL, id) values('otitfordl@etsy.com',148);
insert into derm_appointment (id, DATE_TIME,END_TIME,PRICE,EMAIL,FARMACY_ID, reserved, done)
values (149,'2021-08-25T15:20', '2021-08-25T15:30', 20, 'asleenya@github.io',11, false, false);
/*niko nije ni rezervisao*/
insert into derm_appointment (id, DATE_TIME,END_TIME,PRICE,EMAIL,FARMACY_ID, reserved, done)
values (150,'2021-08-25T16:20', '2021-08-25T16:30', 20, 'asleenya@github.io',11, true, true);
insert into dermapoint_reserved(EMAIL, id) values('mstonmane@flickr.com',150);
insert into derm_appointment (id, DATE_TIME,END_TIME,PRICE,EMAIL,FARMACY_ID, reserved, done)
values (151,'2021-09-11T13:20', '2021-09-11T13:30', 20, 'asleenya@github.io',11, true, false);
insert into dermapoint_reserved(EMAIL, id) values('lyeatmanm@amazon.co.jp',151);
insert into derm_appointment (id, DATE_TIME,END_TIME,PRICE,EMAIL,FARMACY_ID, reserved, done)
values (152,'2021-09-11T09:20', '2021-09-11T09:30', 20, 'asleenya@github.io',11, false, false);
insert into derm_appointment (id, DATE_TIME,END_TIME,PRICE,EMAIL,FARMACY_ID, reserved, done)
values (153,'2021-09-11T10:40', '2021-09-11T10:50', 20, 'asleenya@github.io',11, false, false);
insert into derm_appointment (id, DATE_TIME,END_TIME,PRICE,EMAIL,FARMACY_ID, reserved, done)
values (154,'2021-09-11T10:10', '2021-09-11T10:20', 20, 'asleenya@github.io',11, false, false);
insert into derm_appointment (id, DATE_TIME,END_TIME,PRICE,EMAIL,FARMACY_ID, reserved, done)
values (155,'2021-09-11T09:30', '2021-09-11T09:40', 20, 'asleenya@github.io',11, false, false);
insert into derm_appointment (id, DATE_TIME,END_TIME,PRICE,EMAIL,FARMACY_ID, reserved, done)
values (156,'2021-09-11T09:00', '2021-09-11T09:10', 20, 'asleenya@github.io',11, false, false);


insert into derm_appointment (id, DATE_TIME,END_TIME,PRICE,EMAIL,FARMACY_ID, reserved, done)
values (157,'2021-09-11T12:20', '2021-09-11T12:30', 20, 'asleenya@github.io',7, false, false);
insert into derm_appointment (id, DATE_TIME,END_TIME,PRICE,EMAIL,FARMACY_ID, reserved, done)
values (158,'2021-09-11T12:40', '2021-09-11T12:50', 20, 'asleenya@github.io',7, false, false);
insert into derm_appointment (id, DATE_TIME,END_TIME,PRICE,EMAIL,FARMACY_ID, reserved, done)
values (177,'2021-09-11T12:50', '2021-09-11T13:00', 20, 'asleenya@github.io',7, true, false);
insert into dermapoint_reserved(EMAIL, id) values('mstonmane@flickr.com',150);
insert into derm_appointment (id, DATE_TIME,END_TIME,PRICE,EMAIL,FARMACY_ID, reserved, done)
values (159,'2021-09-11T13:10', '2021-09-11T13:20', 20, 'asleenya@github.io',7, false, false);
insert into derm_appointment (id, DATE_TIME,END_TIME,PRICE,EMAIL,FARMACY_ID, reserved, done)
values (160,'2021-08-11T18:20', '2021-08-11T18:30', 20, 'asleenya@github.io',7, true, true);
insert into dermapoint_reserved(EMAIL, id) values('lyeatmanm@amazon.co.jp',160);
insert into derm_appointment (id, DATE_TIME,END_TIME,PRICE,EMAIL,FARMACY_ID, reserved, done)
values (161,'2021-09-11T17:20', '2021-09-11T17:30', 20, 'asleenya@github.io',7, false, false);
insert into derm_appointment (id, DATE_TIME,END_TIME,PRICE,EMAIL,FARMACY_ID, reserved, done)
values (162,'2021-09-11T6:00', '2021-09-11T16:20', 20, 'asleenya@github.io',7, true, false);
insert into dermapoint_reserved(EMAIL, id) values('lyeatmanm@amazon.co.jp',162);
insert into derm_appointment (id, DATE_TIME,END_TIME,PRICE,EMAIL,FARMACY_ID, reserved, done)
values (163,'2021-09-11T16:30', '2021-09-11T16:40', 20, 'asleenya@github.io',7, false, false);
insert into derm_appointment (id, DATE_TIME,END_TIME,PRICE,EMAIL,FARMACY_ID, reserved, done)
values (164,'2021-09-11T16:50', '2021-09-11T17:00', 20, 'asleenya@github.io',7, false, false);
insert into derm_appointment (id, DATE_TIME,END_TIME,PRICE,EMAIL,FARMACY_ID, reserved, done)
values (165,'2021-09-11T18:10', '2021-09-11T18:20', 20, 'asleenya@github.io',7, false, false);
insert into derm_appointment (id, DATE_TIME,END_TIME,PRICE,EMAIL,FARMACY_ID, reserved, done)
values (166,'2021-09-11T18:40', '2021-09-11T18:50', 20, 'asleenya@github.io',7, false, false);






insert into dermatologist (email, name, surname, adress, city, state, phone_num, stars) values ('chuckettb@ihg.com', 'Corliss', 'Huckett', '0 Vidon Lane', 'Jiazhuang', 'China', '458-165-5137', 4.08);
insert into WORKING_HOURS (works_from, works_to, DERMATOLOGIST_EMAIL, farmacy_id) values ('19:32', '22:28', 'chuckettb@ihg.com', 12);
insert into WORKING_HOURS (works_from, works_to, DERMATOLOGIST_EMAIL, farmacy_id) values ('10:58', '18:57', 'chuckettb@ihg.com', 5);
insert into vacation_dermatologist (VACATION_ID,BEGINNING,ENDING,STATUS,EMAIL)  values (4, '2021-08-28', '2021-09-02', 'DENIED', 'chuckettb@ihg.com'); 
insert into vacation_dermatologist (VACATION_ID,BEGINNING,ENDING,STATUS,EMAIL)  values (11, '2021-09-05', '2021-09-15', 'ACCEPTED', 'chuckettb@ihg.com');
insert into derm_appointment (id, DATE_TIME,END_TIME,PRICE,EMAIL,FARMACY_ID, reserved, done)
values (178,'2021-03-26T15:20', '2021-03-26T15:30', 20, 'chuckettb@ihg.com',12, true, true);
insert into dermapoint_reserved(EMAIL, id) values('otitfordl@etsy.com',178);
insert into derm_appointment (id, DATE_TIME,END_TIME,PRICE,EMAIL,FARMACY_ID, reserved, done)
values (168,'2021-08-25T15:20', '2021-08-25T15:30', 20, 'chuckettb@ihg.com',12, false, false);
/*niko nije ni rezervisao*/
insert into derm_appointment (id, DATE_TIME,END_TIME,PRICE,EMAIL,FARMACY_ID, reserved, done)
values (169,'2021-02-25T16:20', '2021-02-25T16:30', 20, 'chuckettb@ihg.com',12, true, true);
insert into dermapoint_reserved(EMAIL, id) values('mvarrowo@imdb.com',169);
insert into derm_appointment (id, DATE_TIME,END_TIME,PRICE,EMAIL,FARMACY_ID, reserved, done)
values (170,'2021-08-25T13:20', '2021-08-25T13:30', 20, 'chuckettb@ihg.com',12, false, false);
insert into derm_appointment (id, DATE_TIME,END_TIME,PRICE,EMAIL,FARMACY_ID, reserved, done)
values (171,'2021-01-25T09:20', '2021-01-25T09:30', 20, 'chuckettb@ihg.com',12, true, true);
insert into dermapoint_reserved(EMAIL, id) values('egattyp@umn.edu',171);
insert into derm_appointment (id, DATE_TIME,END_TIME,PRICE,EMAIL,FARMACY_ID, reserved, done)
values (172,'2021-08-25T12:20', '2021-08-25T12:30', 20, 'chuckettb@ihg.com',5, true, true);
insert into dermapoint_reserved(EMAIL, id) values('eduboisq@unesco.org',172);
insert into derm_appointment (id, DATE_TIME,END_TIME,PRICE,EMAIL,FARMACY_ID, reserved, done)
values (173,'2021-07-25T12:40', '2021-07-25T12:50', 20, 'chuckettb@ihg.com',5, true, true);
insert into dermapoint_reserved(EMAIL, id) values('eduboisq@unesco.org',173);
insert into derm_appointment (id, DATE_TIME,END_TIME,PRICE,EMAIL,FARMACY_ID, reserved, done)
values (174,'2021-06-25T12:50', '2021-06-25T13:00', 20, 'chuckettb@ihg.com',5, true, true);
insert into dermapoint_reserved(EMAIL, id) values('eduboisq@unesco.org',174);
insert into derm_appointment (id, DATE_TIME,END_TIME,PRICE,EMAIL,FARMACY_ID, reserved, done)
values (175,'2021-05-25T13:10', '2021-05-25T13:20', 20, 'chuckettb@ihg.com',5, true, true);
insert into dermapoint_reserved(EMAIL, id) values('eduboisq@unesco.org',175);
insert into derm_appointment (id, DATE_TIME,END_TIME,PRICE,EMAIL,FARMACY_ID, reserved, done)
values (176,'2021-04-25T18:20', '2021-04-25T18:30', 20, 'chuckettb@ihg.com',5, true, true);
insert into dermapoint_reserved(EMAIL, id) values('eduboisq@unesco.org',176);








insert into dermatologist (email, name, surname, adress, city, state, phone_num, stars) values ('bpapec@yellowbook.com', 'Bancroft', 'Pape', '974 Sullivan Court', 'Cabugao', 'Philippines', '374-488-8593', 3.15);
insert into WORKING_HOURS (works_from, works_to, DERMATOLOGIST_EMAIL, farmacy_id) values ('8:10', '22:10', 'bpapec@yellowbook.com', 13);
insert into vacation_dermatologist (VACATION_ID,BEGINNING,ENDING,STATUS,EMAIL)  values (9, '2021-09-02', '2021-09-07', 'ACCEPTED', 'bpapec@yellowbook.com');
insert into derm_appointment (id, DATE_TIME,END_TIME,PRICE,EMAIL,FARMACY_ID, reserved, done)
values (179,'2021-01-26T15:20', '2021-01-26T15:30', 19, 'bpapec@yellowbook.com',13, true, true);
insert into dermapoint_reserved(EMAIL, id) values('otitfordl@etsy.com',179);
insert into derm_appointment (id, DATE_TIME,END_TIME,PRICE,EMAIL,FARMACY_ID, reserved, done)
values (180,'2021-01-25T15:20', '2021-01-25T15:30', 19, 'bpapec@yellowbook.com',13, true, true);
insert into dermapoint_reserved(EMAIL, id) values('mvarrowo@imdb.com',180);
insert into derm_appointment (id, DATE_TIME,END_TIME,PRICE,EMAIL,FARMACY_ID, reserved, done)
values (181,'2021-08-25T16:20', '2021-08-25T16:30', 19, 'bpapec@yellowbook.com',13, true, true);
insert into dermapoint_reserved(EMAIL, id) values('egattyp@umn.edu',181);
insert into derm_appointment (id, DATE_TIME,END_TIME,PRICE,EMAIL,FARMACY_ID, reserved, done)
values (182,'2021-09-11T11:20', '2021-09-11T11:30', 19, 'bpapec@yellowbook.com',13, false, false);
insert into derm_appointment (id, DATE_TIME,END_TIME,PRICE,EMAIL,FARMACY_ID, reserved, done)
values (183,'2021-09-11T12:20', '2021-09-11T12:30', 19, 'bpapec@yellowbook.com',13, false, false);
insert into derm_appointment (id, DATE_TIME,END_TIME,PRICE,EMAIL,FARMACY_ID, reserved, done)
values (184,'2021-09-11T11:40', '2021-09-11T11:50', 19, 'bpapec@yellowbook.com',13, false, false);
insert into derm_appointment (id, DATE_TIME,END_TIME,PRICE,EMAIL,FARMACY_ID, reserved, done)
values (185,'2021-09-11T11:10', '2021-09-11T11:20', 19, 'bpapec@yellowbook.com',13, true, false);
insert into dermapoint_reserved(EMAIL, id) values('egattyp@umn.edu',185);
insert into derm_appointment (id, DATE_TIME,END_TIME,PRICE,EMAIL,FARMACY_ID, reserved, done)
values (186,'2021-09-11T12:10', '2021-09-11T12:20', 19, 'bpapec@yellowbook.com',13, false, false);
insert into derm_appointment (id, DATE_TIME,END_TIME,PRICE,EMAIL,FARMACY_ID, reserved, done)
values (187,'2021-09-11T20:20', '2021-09-11T20:30', 19, 'bpapec@yellowbook.com',13, true, false);
insert into dermapoint_reserved(EMAIL, id) values('egattyp@umn.edu',187);
insert into derm_appointment (id, DATE_TIME,END_TIME,PRICE,EMAIL,FARMACY_ID, reserved, done)
values (188,'2021-09-11T21:00', '2021-09-11T21:20', 19, 'bpapec@yellowbook.com',13, false, false);
insert into derm_appointment (id, DATE_TIME,END_TIME,PRICE,EMAIL,FARMACY_ID, reserved, done)
values (189,'2021-09-11T21:30', '2021-09-11T21:40', 19, 'bpapec@yellowbook.com',13, false, false);
insert into derm_appointment (id, DATE_TIME,END_TIME,PRICE,EMAIL,FARMACY_ID, reserved, done)
values (190,'2021-09-11T21:50', '2021-09-11T22:00', 19, 'bpapec@yellowbook.com',13, false, false);
insert into derm_appointment (id, DATE_TIME,END_TIME,PRICE,EMAIL,FARMACY_ID, reserved, done)
values (191,'2021-09-11T17:10', '2021-09-11T17:30', 19, 'bpapec@yellowbook.com',13, false, false);
insert into derm_appointment (id, DATE_TIME,END_TIME,PRICE,EMAIL,FARMACY_ID, reserved, done)
values (192,'2021-09-11T17:40', '2021-09-11T17:50', 19, 'bpapec@yellowbook.com',13, false, false);






insert into dermatologist (email, name, surname, adress, city, state, phone_num, stars) values ('lmcandrewd@linkedin.com', 'Laura', 'McAndrew', '1 Tennyson Street', 'Kuršėnai', 'Lithuania', '385-578-8920', 4.67);
insert into WORKING_HOURS (works_from, works_to, DERMATOLOGIST_EMAIL, farmacy_id) values ('8:48', '20:52', 'lmcandrewd@linkedin.com', 14);
insert into vacation_dermatologist (VACATION_ID,BEGINNING,ENDING,STATUS,EMAIL)  values (7, '2021-09-06', '2021-09-10', 'ACCEPTED', 'lmcandrewd@linkedin.com'); 
insert into vacation_dermatologist (VACATION_ID,BEGINNING,ENDING,STATUS,EMAIL)  values (8, '2021-09-30', '2021-10-07', 'ACCEPTED', 'lmcandrewd@linkedin.com');
insert into derm_appointment (id, DATE_TIME,END_TIME,PRICE,EMAIL,FARMACY_ID, reserved, done)
values (204,'2021-02-26T15:20', '2021-02-26T15:30', 19, 'lmcandrewd@linkedin.com',14, true, true);
insert into dermapoint_reserved(EMAIL, id) values('otitfordl@etsy.com',204);
insert into derm_appointment (id, DATE_TIME,END_TIME,PRICE,EMAIL,FARMACY_ID, reserved, done)
values (193,'2021-07-25T15:20', '2021-07-25T15:30', 19, 'lmcandrewd@linkedin.com',14, true, true);
insert into dermapoint_reserved(EMAIL, id) values('egattyp@umn.edu',193);
insert into derm_appointment (id, DATE_TIME,END_TIME,PRICE,EMAIL,FARMACY_ID, reserved, done)
values (194,'2021-06-25T16:20', '2021-06-25T16:30', 19, 'lmcandrewd@linkedin.com',14, true, true);
insert into dermapoint_reserved(EMAIL, id) values('egattyp@umn.edu',194);
insert into derm_appointment (id, DATE_TIME,END_TIME,PRICE,EMAIL,FARMACY_ID, reserved, done)
values (195,'2021-09-11T11:20', '2021-09-11T11:30', 19, 'lmcandrewd@linkedin.com',14, false, false);
insert into derm_appointment (id, DATE_TIME,END_TIME,PRICE,EMAIL,FARMACY_ID, reserved, done)
values (196,'2021-09-11T12:20', '2021-09-11T12:30', 19, 'lmcandrewd@linkedin.com',14, false, false);
insert into derm_appointment (id, DATE_TIME,END_TIME,PRICE,EMAIL,FARMACY_ID, reserved, done)
values (197,'2021-09-11T11:40', '2021-09-11T11:50', 19, 'lmcandrewd@linkedin.com',14, false, false);
insert into derm_appointment (id, DATE_TIME,END_TIME,PRICE,EMAIL,FARMACY_ID, reserved, done)
values (198,'2021-09-11T11:10', '2021-09-11T11:20', 19, 'lmcandrewd@linkedin.com',14, false, false);
insert into derm_appointment (id, DATE_TIME,END_TIME,PRICE,EMAIL,FARMACY_ID, reserved, done)
values (199,'2021-09-11T12:10', '2021-09-11T12:20', 19, 'lmcandrewd@linkedin.com',14, false, false);
insert into derm_appointment (id, DATE_TIME,END_TIME,PRICE,EMAIL,FARMACY_ID, reserved, done)
values (200,'2021-09-11T09:30', '2021-09-11T09:40', 19, 'lmcandrewd@linkedin.com',14, false, false);
insert into derm_appointment (id, DATE_TIME,END_TIME,PRICE,EMAIL,FARMACY_ID, reserved, done)
values (201,'2021-09-11T08:50', '2021-09-11T09:00', 19, 'lmcandrewd@linkedin.com',14, true, false);
insert into dermapoint_reserved(EMAIL, id) values('egattyp@umn.edu',201);
insert into derm_appointment (id, DATE_TIME,END_TIME,PRICE,EMAIL,FARMACY_ID, reserved, done)
values (202,'2021-09-11T17:10', '2021-09-11T17:30', 19, 'lmcandrewd@linkedin.com',14, false, false);
insert into derm_appointment (id, DATE_TIME,END_TIME,PRICE,EMAIL,FARMACY_ID, reserved, done)
values (203,'2021-09-11T17:40', '2021-09-11T17:50', 19, 'lmcandrewd@linkedin.com',14, false, false);


insert into dermatologist (email, name, surname, adress, city, state, phone_num, stars) values ('sgorgere@bbb.org', 'Sal', 'Gorger', '5 Pennsylvania Alley', 'la Massana', 'Andorra', '885-944-6042', 1.48);
insert into WORKING_HOURS (works_from, works_to, DERMATOLOGIST_EMAIL, farmacy_id) values ('6:05', '9:22', 'sgorgere@bbb.org', 15);
insert into WORKING_HOURS (works_from, works_to, DERMATOLOGIST_EMAIL, farmacy_id) values ('11:54', '14:07', 'sgorgere@bbb.org', 6);
insert into derm_appointment (id, DATE_TIME,END_TIME,PRICE,EMAIL,FARMACY_ID, reserved, done)
values (205,'2021-08-26T15:20', '2021-08-26T15:30', 20, 'sgorgere@bbb.org',15, true, true);
insert into dermapoint_reserved(EMAIL, id) values('otitfordl@etsy.com',205);
insert into derm_appointment (id, DATE_TIME,END_TIME,PRICE,EMAIL,FARMACY_ID, reserved, done)
values (206,'2021-08-25T15:20', '2021-08-25T15:30', 20, 'sgorgere@bbb.org',15, false, false);
/*niko nije ni rezervisao*/
insert into derm_appointment (id, DATE_TIME,END_TIME,PRICE,EMAIL,FARMACY_ID, reserved, done)
values (207,'2021-05-25T16:20', '2021-05-25T16:30', 20, 'sgorgere@bbb.org',15, true, true);
insert into dermapoint_reserved(EMAIL, id) values('egattyp@umn.edu',207);
insert into derm_appointment (id, DATE_TIME,END_TIME,PRICE,EMAIL,FARMACY_ID, reserved, done)
values (208,'2021-09-11T06:20', '2021-09-11T06:30', 20, 'sgorgere@bbb.org',15, false, false);
insert into derm_appointment (id, DATE_TIME,END_TIME,PRICE,EMAIL,FARMACY_ID, reserved, done)
values (209,'2021-09-11T07:20', '2021-09-11T07:30', 20, 'sgorgere@bbb.org',15, false, false);
insert into derm_appointment (id, DATE_TIME,END_TIME,PRICE,EMAIL,FARMACY_ID, reserved, done)
values (210,'2021-09-11T07:40', '2021-09-11T07:50', 20, 'sgorgere@bbb.org',15, true, false);
insert into dermapoint_reserved(EMAIL, id) values('egattyp@umn.edu',210);
insert into derm_appointment (id, DATE_TIME,END_TIME,PRICE,EMAIL,FARMACY_ID, reserved, done)
values (211,'2021-09-11T07:10', '2021-09-11T07:20', 20, 'sgorgere@bbb.org',15, false, false);

insert into derm_appointment (id, DATE_TIME,END_TIME,PRICE,EMAIL,FARMACY_ID, reserved, done)
values (212,'2021-09-11T12:10', '2021-09-11T12:20', 20, 'sgorgere@bbb.org',6, false, false);
insert into derm_appointment (id, DATE_TIME,END_TIME,PRICE,EMAIL,FARMACY_ID, reserved, done)
values (213,'2021-04-11T12:20', '2021-04-11T12:30', 20, 'sgorgere@bbb.org',6, true, true);
insert into dermapoint_reserved(EMAIL, id) values('egattyp@umn.edu',213);
insert into derm_appointment (id, DATE_TIME,END_TIME,PRICE,EMAIL,FARMACY_ID, reserved, done)
values (214,'2021-09-11T13:20', '2021-09-11T13:30', 20, 'sgorgere@bbb.org',6, true, false);
insert into dermapoint_reserved(EMAIL, id) values('ecomberbeachd@netlog.com',214);
insert into derm_appointment (id, DATE_TIME,END_TIME,PRICE,EMAIL,FARMACY_ID, reserved, done)
values (215,'2021-09-11T12:00', '2021-09-11T12:10', 20, 'sgorgere@bbb.org',6, false, false);
insert into derm_appointment (id, DATE_TIME,END_TIME,PRICE,EMAIL,FARMACY_ID, reserved, done)
values (216,'2021-09-11T12:30', '2021-09-11T12:40', 20, 'sgorgere@bbb.org',6, false, false);
insert into derm_appointment (id, DATE_TIME,END_TIME,PRICE,EMAIL,FARMACY_ID, reserved, done)
values (217,'2021-09-11T12:50', '2021-09-11T13:00', 20, 'sgorgere@bbb.org',6, false, false);






insert into dermatologist (email, name, surname, adress, city, state, phone_num, stars) values ('somulderrigf@over-blog.com', 'Sharlene', 'O'' Mulderrig', '6 Pierstorff Court', 'Bom Jesus dos Perdões', 'Brazil', '423-928-8913', 4.51);
insert into WORKING_HOURS (works_from, works_to, DERMATOLOGIST_EMAIL, farmacy_id) values ('10:58', '20:57', 'somulderrigf@over-blog.com', 16);
insert into derm_appointment (id, DATE_TIME,END_TIME,PRICE,EMAIL,FARMACY_ID, reserved, done)
values (219,'2021-08-26T15:20', '2021-08-26T15:30', 17, 'somulderrigf@over-blog.com',16, true, true);
insert into dermapoint_reserved(EMAIL, id) values('ecomberbeachd@netlog.com',219);
insert into derm_appointment (id, DATE_TIME,END_TIME,PRICE,EMAIL,FARMACY_ID, reserved, done)
values (220,'2021-08-25T15:20', '2021-08-25T15:30', 17, 'somulderrigf@over-blog.com',16, true, true);
insert into dermapoint_reserved(EMAIL, id) values('gbaistowc@last.fm',220);
insert into derm_appointment (id, DATE_TIME,END_TIME,PRICE,EMAIL,FARMACY_ID, reserved, done)
values (221,'2021-08-25T16:20', '2021-08-25T16:30', 17, 'somulderrigf@over-blog.com',16, true, true);
insert into dermapoint_reserved(EMAIL, id) values('ecomberbeachd@netlog.com',221);
insert into derm_appointment (id, DATE_TIME,END_TIME,PRICE,EMAIL,FARMACY_ID, reserved, done)
values (222,'2021-09-11T11:20', '2021-09-11T11:30', 17, 'somulderrigf@over-blog.com',16, false, false);
insert into derm_appointment (id, DATE_TIME,END_TIME,PRICE,EMAIL,FARMACY_ID, reserved, done)
values (223,'2021-09-11T12:20', '2021-09-11T12:30', 17, 'somulderrigf@over-blog.com',16, false, false);
insert into derm_appointment (id, DATE_TIME,END_TIME,PRICE,EMAIL,FARMACY_ID, reserved, done)
values (224,'2021-09-11T11:40', '2021-09-11T11:50', 17, 'somulderrigf@over-blog.com',16, false, false);
insert into derm_appointment (id, DATE_TIME,END_TIME,PRICE,EMAIL,FARMACY_ID, reserved, done)
values (225,'2021-09-11T11:10', '2021-09-11T11:20', 17, 'somulderrigf@over-blog.com',16, true, false);
insert into dermapoint_reserved(EMAIL, id) values('gbaistowc@last.fm',225);
insert into derm_appointment (id, DATE_TIME,END_TIME,PRICE,EMAIL,FARMACY_ID, reserved, done)
values (226,'2021-09-11T12:10', '2021-09-11T12:20', 17, 'somulderrigf@over-blog.com',16, false, false);
insert into derm_appointment (id, DATE_TIME,END_TIME,PRICE,EMAIL,FARMACY_ID, reserved, done)
values (227,'2021-09-11T20:20', '2021-09-11T20:30', 17, 'somulderrigf@over-blog.com',16, true, false);
insert into dermapoint_reserved(EMAIL, id) values('ecomberbeachd@netlog.com',227);
insert into derm_appointment (id, DATE_TIME,END_TIME,PRICE,EMAIL,FARMACY_ID, reserved, done)
values (228,'2021-09-11T19:00', '2021-09-11T19:20', 17, 'somulderrigf@over-blog.com',16, true, false);
insert into dermapoint_reserved(EMAIL, id) values('bcoffey8@cmu.edu',228);
insert into derm_appointment (id, DATE_TIME,END_TIME,PRICE,EMAIL,FARMACY_ID, reserved, done)
values (229,'2021-09-11T19:30', '2021-09-11T19:40', 17, 'somulderrigf@over-blog.com',16, false, false);
insert into derm_appointment (id, DATE_TIME,END_TIME,PRICE,EMAIL,FARMACY_ID, reserved, done)
values (230,'2021-09-11T19:50', '2021-09-11T19:00', 17, 'somulderrigf@over-blog.com',16, false, false);
insert into derm_appointment (id, DATE_TIME,END_TIME,PRICE,EMAIL,FARMACY_ID, reserved, done)
values (231,'2021-09-11T18:10', '2021-09-11T18:30', 17, 'somulderrigf@over-blog.com',16, false, false);
insert into derm_appointment (id, DATE_TIME,END_TIME,PRICE,EMAIL,FARMACY_ID, reserved, done)
values (232,'2021-09-11T18:40', '2021-09-11T18:50', 17, 'somulderrigf@over-blog.com',16, false, false);




insert into dermatologist (email, name, surname, adress, city, state, phone_num, stars) values ('bschonfelderg@constantcontact.com', 'Brooks', 'Schonfelder', '6731 Morningstar Park', 'Bassa', 'Nigeria', '394-838-3661', 1.96);
insert into WORKING_HOURS (works_from, works_to, DERMATOLOGIST_EMAIL, farmacy_id) values ('19:57', '21:36', 'bschonfelderg@constantcontact.com', 17);
insert into WORKING_HOURS (works_from, works_to, DERMATOLOGIST_EMAIL, farmacy_id) values ('9:57', '14:36', 'bschonfelderg@constantcontact.com', 1);
insert into derm_appointment (id, DATE_TIME,END_TIME,PRICE,EMAIL,FARMACY_ID, reserved, done)
values (233,'2021-08-26T15:20', '2021-08-26T15:30', 20, 'bschonfelderg@constantcontact.com',1, true, true);
insert into dermapoint_reserved(EMAIL, id) values('bcoffey8@cmu.edu',233);
insert into derm_appointment (id, DATE_TIME,END_TIME,PRICE,EMAIL,FARMACY_ID, reserved, done)
values (234,'2021-08-25T15:20', '2021-08-25T15:30', 20, 'bschonfelderg@constantcontact.com',1, false, false);
/*niko nije ni rezervisao*/
insert into derm_appointment (id, DATE_TIME,END_TIME,PRICE,EMAIL,FARMACY_ID, reserved, done)
values (235,'2021-05-25T16:20', '2021-05-25T16:30', 20, 'bschonfelderg@constantcontact.com',1, true, true);
insert into dermapoint_reserved(EMAIL, id) values('cparsandk@dmoz.org',235);
insert into derm_appointment (id, DATE_TIME,END_TIME,PRICE,EMAIL,FARMACY_ID, reserved, done)
values (236,'2021-09-11T13:20', '2021-09-11T13:30', 20, 'bschonfelderg@constantcontact.com',1, false, false);
insert into derm_appointment (id, DATE_TIME,END_TIME,PRICE,EMAIL,FARMACY_ID, reserved, done)
values (237,'2021-09-11T10:20', '2021-09-11T10:30', 20, 'bschonfelderg@constantcontact.com',1, false, false);
insert into derm_appointment (id, DATE_TIME,END_TIME,PRICE,EMAIL,FARMACY_ID, reserved, done)
values (238,'2021-09-11T10:40', '2021-09-11T10:50', 20, 'bschonfelderg@constantcontact.com',1, false, false);
insert into derm_appointment (id, DATE_TIME,END_TIME,PRICE,EMAIL,FARMACY_ID, reserved, done)
values (239,'2021-09-11T10:10', '2021-09-11T10:20', 20, 'bschonfelderg@constantcontact.com',1, false, false);
insert into derm_appointment (id, DATE_TIME,END_TIME,PRICE,EMAIL,FARMACY_ID, reserved, done)
values (240,'2021-09-11T11:30', '2021-09-11T11:40', 20, 'bschonfelderg@constantcontact.com',1, true, false);
insert into dermapoint_reserved(EMAIL, id) values('cparsandk@dmoz.org',240);
insert into derm_appointment (id, DATE_TIME,END_TIME,PRICE,EMAIL,FARMACY_ID, reserved, done)
values (241,'2021-09-11T11:00', '2021-09-11T11:10', 20, 'bschonfelderg@constantcontact.com',1, false, false);
insert into derm_appointment (id, DATE_TIME,END_TIME,PRICE,EMAIL,FARMACY_ID, reserved, done)
values (242,'2021-09-11T12:20', '2021-09-11T12:30', 20, 'bschonfelderg@constantcontact.com',1, false, false);
insert into derm_appointment (id, DATE_TIME,END_TIME,PRICE,EMAIL,FARMACY_ID, reserved, done)
values (243,'2021-09-11T12:40', '2021-09-11T12:50', 20, 'bschonfelderg@constantcontact.com',1, false, false);
insert into derm_appointment (id, DATE_TIME,END_TIME,PRICE,EMAIL,FARMACY_ID, reserved, done)
values (244,'2021-09-11T12:50', '2021-09-11T13:00', 20, 'bschonfelderg@constantcontact.com',1, true, false);
insert into dermapoint_reserved(EMAIL, id) values('nlustedb@skyrock.com',244);
insert into derm_appointment (id, DATE_TIME,END_TIME,PRICE,EMAIL,FARMACY_ID, reserved, done)
values (245,'2021-09-11T13:10', '2021-09-11T13:20', 20, 'bschonfelderg@constantcontact.com',1, true, false);
insert into dermapoint_reserved(EMAIL, id) values('kgriswooda@aol.com',245);
insert into derm_appointment (id, DATE_TIME,END_TIME,PRICE,EMAIL,FARMACY_ID, reserved, done)
values (246,'2021-08-11T20:20', '2021-08-11T20:30', 20, 'bschonfelderg@constantcontact.com',17, true, true);
insert into dermapoint_reserved(EMAIL, id) values('nlustedb@skyrock.com',246);
insert into derm_appointment (id, DATE_TIME,END_TIME,PRICE,EMAIL,FARMACY_ID, reserved, done)
values (247,'2021-09-11T21:20', '2021-09-11T21:30', 20, 'bschonfelderg@constantcontact.com',17, false, false);

insert into derm_appointment (id, DATE_TIME,END_TIME,PRICE,EMAIL,FARMACY_ID, reserved, done)
values (248,'2021-09-11T20:00', '2021-09-11T20:10', 20, 'bschonfelderg@constantcontact.com',17, false, false);
insert into derm_appointment (id, DATE_TIME,END_TIME,PRICE,EMAIL,FARMACY_ID, reserved, done)
values (249,'2021-09-11T20:30', '2021-09-11T20:40', 20, 'bschonfelderg@constantcontact.com',17, false, false);
insert into derm_appointment (id, DATE_TIME,END_TIME,PRICE,EMAIL,FARMACY_ID, reserved, done)
values (250,'2021-09-11T20:50', '2021-09-11T21:00', 20, 'bschonfelderg@constantcontact.com',17, false, false);
insert into derm_appointment (id, DATE_TIME,END_TIME,PRICE,EMAIL,FARMACY_ID, reserved, done)
values (251,'2021-09-11T21:10', '2021-09-11T21:20', 20, 'bschonfelderg@constantcontact.com',17, false, false);




insert into dermatologist (email, name, surname, adress, city, state, phone_num, stars) values ('lankersh@theatlantic.com', 'Laurence', 'Ankers', '2288 Texas Way', 'Dallas', 'United States', '972-495-7386', 2.72);
insert into WORKING_HOURS (works_from, works_to, DERMATOLOGIST_EMAIL, farmacy_id) values ('6:54', '10:07', 'lankersh@theatlantic.com', 18);
insert into WORKING_HOURS (works_from, works_to, DERMATOLOGIST_EMAIL, farmacy_id) values ('16:05', '19:22', 'lankersh@theatlantic.com', 5);
insert into derm_appointment (id, DATE_TIME,END_TIME,PRICE,EMAIL,FARMACY_ID, reserved, done)
values (252,'2021-08-26T15:20', '2021-08-26T15:30', 15, 'lankersh@theatlantic.com',18, true, true);
insert into dermapoint_reserved(EMAIL, id) values('kgriswooda@aol.com',252);
insert into derm_appointment (id, DATE_TIME,END_TIME,PRICE,EMAIL,FARMACY_ID, reserved, done)
values (253,'2021-08-25T15:20', '2021-08-25T15:30', 15, 'lankersh@theatlantic.com',18, false, false);
/*niko nije ni rezervisao*/
insert into derm_appointment (id, DATE_TIME,END_TIME,PRICE,EMAIL,FARMACY_ID, reserved, done)
values (254,'2021-09-11T07:30', '2021-09-11T07:40', 15, 'lankersh@theatlantic.com',18, false, false);
insert into derm_appointment (id, DATE_TIME,END_TIME,PRICE,EMAIL,FARMACY_ID, reserved, done)
values (255,'2021-09-11T08:00', '2021-09-11T08:10', 15, 'lankersh@theatlantic.com',18, false, false);
insert into derm_appointment (id, DATE_TIME,END_TIME,PRICE,EMAIL,FARMACY_ID, reserved, done)
values (256,'2021-09-11T08:20', '2021-09-11T08:30', 15, 'lankersh@theatlantic.com',18, false, false);
insert into derm_appointment (id, DATE_TIME,END_TIME,PRICE,EMAIL,FARMACY_ID, reserved, done)
values (257,'2021-09-11T08:40', '2021-09-11T08:50', 15, 'lankersh@theatlantic.com',18, false, false);
insert into derm_appointment (id, DATE_TIME,END_TIME,PRICE,EMAIL,FARMACY_ID, reserved, done)
values (258,'2021-09-11T08:50', '2021-09-11T08:00', 15, 'lankersh@theatlantic.com',18, false, false);
insert into derm_appointment (id, DATE_TIME,END_TIME,PRICE,EMAIL,FARMACY_ID, reserved, done)
values (259,'2021-09-11T09:10', '2021-09-11T09:20', 15, 'lankersh@theatlantic.com',18, true, false);
insert into dermapoint_reserved(EMAIL, id) values('cparsandk@dmoz.org',259);
insert into derm_appointment (id, DATE_TIME,END_TIME,PRICE,EMAIL,FARMACY_ID, reserved, done)
values (260,'2021-07-11T16:20', '2021-07-11T16:30', 15, 'lankersh@theatlantic.com',5, true, true);
insert into dermapoint_reserved(EMAIL, id) values('cparsandk@dmoz.org',260);
insert into derm_appointment (id, DATE_TIME,END_TIME,PRICE,EMAIL,FARMACY_ID, reserved, done)
values (261,'2021-09-11T17:20', '2021-09-11T17:30', 15, 'lankersh@theatlantic.com',5, false, false);
insert into derm_appointment (id, DATE_TIME,END_TIME,PRICE,EMAIL,FARMACY_ID, reserved, done)
values (262,'2021-09-11T18:00', '2021-09-11T18:10', 15, 'lankersh@theatlantic.com',5, false, false);
insert into derm_appointment (id, DATE_TIME,END_TIME,PRICE,EMAIL,FARMACY_ID, reserved, done)
values (263,'2021-09-11T17:30', '2021-09-11T17:40', 15, 'lankersh@theatlantic.com',5, false, false);
insert into derm_appointment (id, DATE_TIME,END_TIME,PRICE,EMAIL,FARMACY_ID, reserved, done)
values (264,'2021-09-11T17:50', '2021-09-11T18:00', 15, 'lankersh@theatlantic.com',5, true, false);
insert into dermapoint_reserved(EMAIL, id) values('swilkie9@digg.com',264);
insert into derm_appointment (id, DATE_TIME,END_TIME,PRICE,EMAIL,FARMACY_ID, reserved, done)
values (265,'2021-09-11T17:10', '2021-09-11T17:20', 15, 'lankersh@theatlantic.com',5, false, false);




insert into dermatologist (email, name, surname, adress, city, state, phone_num, stars) values ('hkorfmanni@msn.com', 'Hugo', 'Korfmann', '16 Larry Terrace', 'El Refugio', 'Mexico', '205-335-5625', 4.0);
insert into WORKING_HOURS (works_from, works_to, DERMATOLOGIST_EMAIL, farmacy_id) values ('5:17', '9:28', 'hkorfmanni@msn.com', 19);
insert into WORKING_HOURS (works_from, works_to, DERMATOLOGIST_EMAIL, farmacy_id) values ('11:48', '20:52', 'hkorfmanni@msn.com', 4);
insert into derm_appointment (id, DATE_TIME,END_TIME,PRICE,EMAIL,FARMACY_ID, reserved, done)
values (266,'2021-09-11T07:30', '2021-09-11T07:40', 15, 'hkorfmanni@msn.com',19, false, false);
insert into derm_appointment (id, DATE_TIME,END_TIME,PRICE,EMAIL,FARMACY_ID, reserved, done)
values (267,'2021-09-11T08:00', '2021-09-11T08:10', 15, 'hkorfmanni@msn.com',19, false, false);
insert into derm_appointment (id, DATE_TIME,END_TIME,PRICE,EMAIL,FARMACY_ID, reserved, done)
values (268,'2021-09-11T08:20', '2021-09-11T08:30', 15, 'hkorfmanni@msn.com',19, true, false);
insert into dermapoint_reserved(EMAIL, id) values('swilkie9@digg.com',268);
insert into derm_appointment (id, DATE_TIME,END_TIME,PRICE,EMAIL,FARMACY_ID, reserved, done)
values (269,'2021-09-11T08:40', '2021-09-11T08:50', 15, 'hkorfmanni@msn.com',19, false, false);
insert into derm_appointment (id, DATE_TIME,END_TIME,PRICE,EMAIL,FARMACY_ID, reserved, done)
values (270,'2021-09-11T08:50', '2021-09-11T08:00', 15, 'hkorfmanni@msn.com',19, false, false);
insert into derm_appointment (id, DATE_TIME,END_TIME,PRICE,EMAIL,FARMACY_ID, reserved, done)
values (271,'2021-09-11T09:10', '2021-09-11T09:20', 15, 'hkorfmanni@msn.com',19, false, false);

insert into derm_appointment (id, DATE_TIME,END_TIME,PRICE,EMAIL,FARMACY_ID, reserved, done)
values (272,'2021-08-11T16:20', '2021-08-11T16:30', 15, 'hkorfmanni@msn.com',4, true, true);
insert into dermapoint_reserved(EMAIL, id) values('cparsandk@dmoz.org',272);
insert into derm_appointment (id, DATE_TIME,END_TIME,PRICE,EMAIL,FARMACY_ID, reserved, done)
values (273,'2021-09-11T17:20', '2021-09-11T17:30', 15, 'hkorfmanni@msn.com',4, true, false);
insert into dermapoint_reserved(EMAIL, id) values('otitfordl@etsy.com',273);
insert into derm_appointment (id, DATE_TIME,END_TIME,PRICE,EMAIL,FARMACY_ID, reserved, done)
values (274,'2021-09-11T18:00', '2021-09-11T18:10', 15, 'hkorfmanni@msn.com',4, false, false);
insert into derm_appointment (id, DATE_TIME,END_TIME,PRICE,EMAIL,FARMACY_ID, reserved, done)
values (275,'2021-09-11T17:30', '2021-09-11T17:40', 15, 'hkorfmanni@msn.com',4, false, false);
insert into derm_appointment (id, DATE_TIME,END_TIME,PRICE,EMAIL,FARMACY_ID, reserved, done)
values (276,'2021-09-11T17:50', '2021-09-11T18:00', 15, 'hkorfmanni@msn.com',4, false, false);
insert into derm_appointment (id, DATE_TIME,END_TIME,PRICE,EMAIL,FARMACY_ID, reserved, done)
values (277,'2021-09-11T17:10', '2021-09-11T17:20', 15, 'hkorfmanni@msn.com',4, false, false);

insert into dermatologist (email, name, surname, adress, city, state, phone_num, stars) values ('bhazlegrovej@nydailynews.com', 'Brigida', 'Hazlegrove', '81160 Ridgeway Parkway', 'Nueva Fuerza', 'Philippines', '912-855-1957', 2.2);
insert into WORKING_HOURS (works_from, works_to, DERMATOLOGIST_EMAIL, farmacy_id) values ('16:00', '23:41', 'bhazlegrovej@nydailynews.com', 20);
insert into WORKING_HOURS (works_from, works_to, DERMATOLOGIST_EMAIL, farmacy_id) values ('8:10', '15:10', 'bhazlegrovej@nydailynews.com', 3);
insert into derm_appointment (id, DATE_TIME,END_TIME,PRICE,EMAIL,FARMACY_ID, reserved, done)
values (278,'2021-09-11T09:30', '2021-09-11T09:40', 15, 'bhazlegrovej@nydailynews.com',3, false, false);
insert into derm_appointment (id, DATE_TIME,END_TIME,PRICE,EMAIL,FARMACY_ID, reserved, done)
values (279,'2021-09-11T08:00', '2021-09-11T08:10', 15, 'bhazlegrovej@nydailynews.com',3, false, false);
insert into derm_appointment (id, DATE_TIME,END_TIME,PRICE,EMAIL,FARMACY_ID, reserved, done)
values (280,'2021-09-11T08:20', '2021-09-11T08:30', 15, 'bhazlegrovej@nydailynews.com',3, false, false);
insert into derm_appointment (id, DATE_TIME,END_TIME,PRICE,EMAIL,FARMACY_ID, reserved, done)
values (281,'2021-09-11T08:40', '2021-09-11T08:50', 15, 'bhazlegrovej@nydailynews.com',3, false, false);
insert into derm_appointment (id, DATE_TIME,END_TIME,PRICE,EMAIL,FARMACY_ID, reserved, done)
values (282,'2021-09-11T08:50', '2021-09-11T08:00', 15, 'bhazlegrovej@nydailynews.com',3, true, false);
insert into dermapoint_reserved(EMAIL, id) values('swilkie9@digg.com',282);
insert into derm_appointment (id, DATE_TIME,END_TIME,PRICE,EMAIL,FARMACY_ID, reserved, done)
values (283,'2021-09-11T09:10', '2021-09-11T09:20', 15, 'bhazlegrovej@nydailynews.com',3, false, false);

insert into derm_appointment (id, DATE_TIME,END_TIME,PRICE,EMAIL,FARMACY_ID, reserved, done)
values (284,'2021-08-11T16:20', '2021-08-11T16:30', 15, 'bhazlegrovej@nydailynews.com',20, true, true);
insert into dermapoint_reserved(EMAIL, id) values('swilkie9@digg.com',284);
insert into derm_appointment (id, DATE_TIME,END_TIME,PRICE,EMAIL,FARMACY_ID, reserved, done)
values (285,'2021-09-11T17:20', '2021-09-11T17:30', 15, 'bhazlegrovej@nydailynews.com',20, true, false);
insert into dermapoint_reserved(EMAIL, id) values('lyeatmanm@amazon.co.jp',285);
insert into derm_appointment (id, DATE_TIME,END_TIME,PRICE,EMAIL,FARMACY_ID, reserved, done)
values (286,'2021-09-11T18:00', '2021-09-11T18:10', 15, 'bhazlegrovej@nydailynews.com',20, true, false);
insert into dermapoint_reserved(EMAIL, id) values('cparsandk@dmoz.org',286);
insert into derm_appointment (id, DATE_TIME,END_TIME,PRICE,EMAIL,FARMACY_ID, reserved, done)
values (287,'2021-09-11T17:30', '2021-09-11T17:40', 15, 'bhazlegrovej@nydailynews.com',20, false, false);
insert into derm_appointment (id, DATE_TIME,END_TIME,PRICE,EMAIL,FARMACY_ID, reserved, done)
values (288,'2021-09-11T17:50', '2021-09-11T18:00', 15, 'bhazlegrovej@nydailynews.com',20, false, false);
insert into derm_appointment (id, DATE_TIME,END_TIME,PRICE,EMAIL,FARMACY_ID, reserved, done)
values (289,'2021-09-11T17:10', '2021-09-11T17:20', 15, 'bhazlegrovej@nydailynews.com',20, false, false);







 
 

insert into DRUG (code, name, drug_type, PRESCRIPTION_METRICS, composition, CONTRAINDICATIONS, form, manufacturer, recept_needed,notes, stars, points) values ('S90465', 'TAZORAC', 'ANTIBIOTIC', 'Aenean sit amet justo.', 'Proin leo odio, porttitor id, consequat in, consequat ut, nulla. Sed accumsan felis. Ut at dolor quis odio consequat varius.

Integer ac leo. Pellentesque ultrices mattis odio. Donec vitae nisi.', 'Etiam vel augue. Vestibulum rutrum rutrum neque. Aenean auctor gravida sem.', 'SYRUP', 'Chemopharma', false,'Shoul be given and taken with cautiosness',0,4);
insert into DRUG (code, name, drug_type, PRESCRIPTION_METRICS, composition, CONTRAINDICATIONS, form, manufacturer, recept_needed,notes, stars, points) values ('T474X4A', 'CARBON DIOXIDE', 'ANTIBIOTIC', 'Nullam sit amet turpis elementum ligula vehicula consequat.', 'Donec diam neque, vestibulum eget, vulputate ut, ultrices vel, augue. Vestibulum ante ipsum primis in faucibus orci luctus et ultrices posuere cubilia Curae; Donec pharetra, magna vestibulum aliquet ultrices, erat tortor sollicitudin mi, sit amet lobortis sapien sapien non mi. Integer ac neque.

Duis bibendum. Morbi non quam nec dui luctus rutrum. Nulla tellus.', 'Integer tincidunt ante vel ipsum. Praesent blandit lacinia erat. Vestibulum sed magna at nunc commodo placerat.

Praesent blandit. Nam nulla. Integer pede justo, lacinia eget, tincidunt eget, tempus vel, pede.

Morbi porttitor lorem id ligula. Suspendisse ornare consequat lectus. In est risus, auctor sed, tristique in, tempus sit amet, sem.

Fusce consequat. Nulla nisl. Nunc nisl.', 'SYRUP', 'Chemopharma', false,'Shoul be given and taken with cautiosness',0,3);
insert into DRUG (code, name, drug_type, PRESCRIPTION_METRICS, composition, CONTRAINDICATIONS, form, manufacturer, recept_needed,notes, stars, points) values ('M1215', 'Avon Sun Sport', 'ANTIBIOTIC', 'Sed accumsan felis.', 'Integer tincidunt ante vel ipsum. Praesent blandit lacinia erat. Vestibulum sed magna at nunc commodo placerat.', 'Nam ultrices, libero non mattis pulvinar, nulla pede ullamcorper augue, a suscipit nulla elit ac nulla. Sed vel enim sit amet nunc viverra dapibus. Nulla suscipit ligula in lacus.

Curabitur at ipsum ac tellus semper interdum. Mauris ullamcorper purus sit amet nulla. Quisque arcu libero, rutrum ac, lobortis vel, dapibus at, diam.', 'SYRUP', 'Chemopharma', false,'Shoul be given and taken with cautiosness',0,2);
insert into DRUG (code, name, drug_type, PRESCRIPTION_METRICS, composition, CONTRAINDICATIONS, form, manufacturer, recept_needed,notes, stars, points) values ('S61207S', 'Doxepin Hydrochloride', 'ANTIBIOTIC', 'Nam ultrices, libero non mattis pulvinar, nulla pede ullamcorper augue, a suscipit nulla elit ac nulla.', 'Sed ante. Vivamus tortor. Duis mattis egestas metus.

Aenean fermentum. Donec ut mauris eget massa tempor convallis. Nulla neque libero, convallis eget, eleifend luctus, ultricies eu, nibh.', 'Duis consequat dui nec nisi volutpat eleifend. Donec ut dolor. Morbi vel lectus in quam fringilla rhoncus.', 'SYRUP', 'Chemopharma', false,'Shoul be given and taken with cautiosness',0,1);
insert into DRUG (code, name, drug_type, PRESCRIPTION_METRICS, composition, CONTRAINDICATIONS, form, manufacturer, recept_needed,notes, stars, points) values ('T81522A', 'Stratuscare Antacid And Antigas', 'ANTIBIOTIC', 'Nulla suscipit ligula in lacus.',  'Aenean lectus. Pellentesque eget nunc. Donec quis orci eget orci vehicula condimentum.

Curabitur in libero ut massa volutpat convallis. Morbi odio odio, elementum eu, interdum eu, tincidunt in, leo. Maecenas pulvinar lobortis est.', 'Praesent blandit. Nam nulla. Integer pede justo, lacinia eget, tincidunt eget, tempus vel, pede.

Morbi porttitor lorem id ligula. Suspendisse ornare consequat lectus. In est risus, auctor sed, tristique in, tempus sit amet, sem.

Fusce consequat. Nulla nisl. Nunc nisl.

Duis bibendum, felis sed interdum venenatis, turpis enim blandit mi, in porttitor pede justo eu massa. Donec dapibus. Duis at velit eu est congue elementum.', 'SYRUP', 'Chemopharma', false,'Shoul be given and taken with cautiosness',0,2);
insert into DRUG (code, name, drug_type, PRESCRIPTION_METRICS, composition, CONTRAINDICATIONS, form, manufacturer, recept_needed,notes, stars, points) values ('A485', 'Triple Antibiotic Plus Pain Relief', 'ANESTHETIC', 'Cras in purus eu magna vulputate luctus.', 'Sed ante. Vivamus tortor. Duis mattis egestas metus.

Aenean fermentum. Donec ut mauris eget massa tempor convallis. Nulla neque libero, convallis eget, eleifend luctus, ultricies eu, nibh.', 'Cras mi pede, malesuada in, imperdiet et, commodo vulputate, justo. In blandit ultrices enim. Lorem ipsum dolor sit amet, consectetuer adipiscing elit.', 'SYRUP', 'Chemopharma', false,'Shoul be given and taken with cautiosness',0,3);
insert into DRUG (code, name, drug_type, PRESCRIPTION_METRICS, composition, CONTRAINDICATIONS, form, manufacturer, recept_needed,notes, stars, points) values ('S11014D', 'Depo-Provera', 'ANESTHETIC', 'Nulla tellus.','Cras mi pede, malesuada in, imperdiet et, commodo vulputate, justo. In blandit ultrices enim. Lorem ipsum dolor sit amet, consectetuer adipiscing elit.', 'Nullam porttitor lacus at turpis. Donec posuere metus vitae ipsum. Aliquam non mauris.

Morbi non lectus. Aliquam sit amet diam in magna bibendum imperdiet. Nullam orci pede, venenatis non, sodales sed, tincidunt eu, felis.

Fusce posuere felis sed lacus. Morbi sem mauris, laoreet ut, rhoncus aliquet, pulvinar sed, nisl. Nunc rhoncus dui vel sem.

Sed sagittis. Nam congue, risus semper porta volutpat, quam pede lobortis ligula, sit amet eleifend pede libero quis orci. Nullam molestie nibh in lectus.', 'SYRUP', 'Chemopharma', false,'Shoul be given and taken with cautiosness',0,4);
insert into DRUG (code, name, drug_type, PRESCRIPTION_METRICS, composition, CONTRAINDICATIONS, form, manufacturer, recept_needed,notes, stars, points) values ('S93312D', 'Mucinex Fast-Max', 'ANESTHETIC', 'Phasellus sit amet erat.',  'Praesent blandit. Nam nulla. Integer pede justo, lacinia eget, tincidunt eget, tempus vel, pede.', 'Quisque id justo sit amet sapien dignissim vestibulum. Vestibulum ante ipsum primis in faucibus orci luctus et ultrices posuere cubilia Curae; Nulla dapibus dolor vel est. Donec odio justo, sollicitudin ut, suscipit a, feugiat et, eros.', 'SYRUP', 'Chemopharma', false,'Shoul be given and taken with cautiosness',0,3);
insert into DRUG (code, name, drug_type, PRESCRIPTION_METRICS, composition, CONTRAINDICATIONS, form, manufacturer, recept_needed,notes, stars, points) values ('H02134', 'Arthritis Relief', 'ANESTHETIC', 'Sed ante.', 'Quisque porta volutpat erat. Quisque erat eros, viverra eget, congue eget, semper rutrum, nulla. Nunc purus.

Phasellus in felis. Donec semper sapien a libero. Nam dui.', 'Nullam sit amet turpis elementum ligula vehicula consequat. Morbi a ipsum. Integer a nibh.', 'SYRUP', 'Chemopharma', false,'Shoul be given and taken with cautiosness',0,5);
insert into DRUG (code, name, drug_type, PRESCRIPTION_METRICS, composition, CONTRAINDICATIONS, form, manufacturer, recept_needed,notes, stars, points) values ('H4043X2', 'Vitamin A D', 'ANESTHETIC', 'Donec odio justo, sollicitudin ut, suscipit a, feugiat et, eros.', 'Vestibulum quam sapien, varius ut, blandit non, interdum in, ante. Vestibulum ante ipsum primis in faucibus orci luctus et ultrices posuere cubilia Curae; Duis faucibus accumsan odio. Curabitur convallis.

Duis consequat dui nec nisi volutpat eleifend. Donec ut dolor. Morbi vel lectus in quam fringilla rhoncus.', 'Maecenas leo odio, condimentum id, luctus nec, molestie sed, justo. Pellentesque viverra pede ac diam. Cras pellentesque volutpat dui.

Maecenas tristique, est et tempus semper, est quam pharetra magna, ac consequat metus sapien ut nunc. Vestibulum ante ipsum primis in faucibus orci luctus et ultrices posuere cubilia Curae; Mauris viverra diam vitae quam. Suspendisse potenti.', 'SYRUP', 'Chemopharma', false,'Shoul be given and taken with cautiosness',0,3);
insert into DRUG (code, name, drug_type, PRESCRIPTION_METRICS, composition, CONTRAINDICATIONS, form, manufacturer, recept_needed,notes, stars, points) values ('M05219', 'Nutropin AQ NuSpin 10', 'ANTIHISTAMINE', 'Vestibulum ante ipsum primis in faucibus orci luctus et ultrices posuere cubilia Curae; Nulla dapibus dolor vel est.', 'Lorem ipsum dolor sit amet, consectetuer adipiscing elit. Proin risus. Praesent lectus.

Vestibulum quam sapien, varius ut, blandit non, interdum in, ante. Vestibulum ante ipsum primis in faucibus orci luctus et ultrices posuere cubilia Curae; Duis faucibus accumsan odio. Curabitur convallis.', 'Phasellus in felis. Donec semper sapien a libero. Nam dui.', 'SYRUP', 'Chemopharma', false,'Shoul be given and taken with cautiosness',0,2);
insert into DRUG (code, name, drug_type, PRESCRIPTION_METRICS, composition, CONTRAINDICATIONS, form, manufacturer, recept_needed,notes, stars, points) values ('S066X1D', 'COUGH AND COLD KIDS RELIEF', 'ANTIHISTAMINE', 'Nam dui.', 'Aliquam quis turpis eget elit sodales scelerisque. Mauris sit amet eros. Suspendisse accumsan tortor quis turpis.

Sed ante. Vivamus tortor. Duis mattis egestas metus.', 'Maecenas ut massa quis augue luctus tincidunt. Nulla mollis molestie lorem. Quisque ut erat.

Curabitur gravida nisi at nibh. In hac habitasse platea dictumst. Aliquam augue quam, sollicitudin vitae, consectetuer eget, rutrum at, lorem.', 'SYRUP', 'Chemopharma', false,'Shoul be given and taken with cautiosness',0,3);
insert into DRUG (code, name, drug_type, PRESCRIPTION_METRICS, composition, CONTRAINDICATIONS, form, manufacturer, recept_needed,notes, stars, points) values ('S499', 'Gyno Complex', 'ANTIHISTAMINE', 'Integer non velit.',  'Praesent blandit. Nam nulla. Integer pede justo, lacinia eget, tincidunt eget, tempus vel, pede.

Morbi porttitor lorem id ligula. Suspendisse ornare consequat lectus. In est risus, auctor sed, tristique in, tempus sit amet, sem.', 'Praesent id massa id nisl venenatis lacinia. Aenean sit amet justo. Morbi ut odio.

Cras mi pede, malesuada in, imperdiet et, commodo vulputate, justo. In blandit ultrices enim. Lorem ipsum dolor sit amet, consectetuer adipiscing elit.

Proin interdum mauris non ligula pellentesque ultrices. Phasellus id sapien in sapien iaculis congue. Vivamus metus arcu, adipiscing molestie, hendrerit at, vulputate vitae, nisl.

Aenean lectus. Pellentesque eget nunc. Donec quis orci eget orci vehicula condimentum.', 'SYRUP', 'Chemopharma', false,'Shoul be given and taken with cautiosness',0,1);
insert into DRUG (code, name, drug_type, PRESCRIPTION_METRICS, composition, CONTRAINDICATIONS, form, manufacturer, recept_needed,notes, stars, points) values ('O410', 'Fluconazole', 'ANTIHISTAMINE', 'Vivamus tortor.',  'In sagittis dui vel nisl. Duis ac nibh. Fusce lacus purus, aliquet at, feugiat non, pretium quis, lectus.', 'Etiam vel augue. Vestibulum rutrum rutrum neque. Aenean auctor gravida sem.', 'SYRUP', 'Chemopharma', false,'Shoul be given and taken with cautiosness',0,4);
insert into DRUG (code, name, drug_type, PRESCRIPTION_METRICS, composition, CONTRAINDICATIONS, form, manufacturer, recept_needed,notes, stars, points) values ('T532X2', 'Varicose Veins - Phlebitis', 'ANTIHISTAMINE', 'Nulla suscipit ligula in lacus.', 'Praesent id massa id nisl venenatis lacinia. Aenean sit amet justo. Morbi ut odio.

Cras mi pede, malesuada in, imperdiet et, commodo vulputate, justo. In blandit ultrices enim. Lorem ipsum dolor sit amet, consectetuer adipiscing elit.', 'Etiam vel augue. Vestibulum rutrum rutrum neque. Aenean auctor gravida sem.

Praesent id massa id nisl venenatis lacinia. Aenean sit amet justo. Morbi ut odio.', 'SYRUP', 'Chemopharma', false,'Shoul be given and taken with cautiosness',0,2);
insert into DRUG (code, name, drug_type, PRESCRIPTION_METRICS, composition, CONTRAINDICATIONS, form, manufacturer, recept_needed,notes, stars, points) values ('M724', 'Shark Cartilage', 'ANTIHISTAMINE', 'Morbi sem mauris, laoreet ut, rhoncus aliquet, pulvinar sed, nisl.', 'Maecenas tristique, est et tempus semper, est quam pharetra magna, ac consequat metus sapien ut nunc. Vestibulum ante ipsum primis in faucibus orci luctus et ultrices posuere cubilia Curae; Mauris viverra diam vitae quam. Suspendisse potenti.', 'Nam ultrices, libero non mattis pulvinar, nulla pede ullamcorper augue, a suscipit nulla elit ac nulla. Sed vel enim sit amet nunc viverra dapibus. Nulla suscipit ligula in lacus.

Curabitur at ipsum ac tellus semper interdum. Mauris ullamcorper purus sit amet nulla. Quisque arcu libero, rutrum ac, lobortis vel, dapibus at, diam.', 'SYRUP', 'Chemopharma', false,'Shoul be given and taken with cautiosness',0,3);
insert into DRUG (code, name, drug_type, PRESCRIPTION_METRICS, composition, CONTRAINDICATIONS, form, manufacturer, recept_needed,notes, stars, points) values ('S59129G', 'SEUK', 'ANTIHISTAMINE', 'In hac habitasse platea dictumst.', 'In congue. Etiam justo. Etiam pretium iaculis justo.

In hac habitasse platea dictumst. Etiam faucibus cursus urna. Ut tellus.', 'Nullam porttitor lacus at turpis. Donec posuere metus vitae ipsum. Aliquam non mauris.

Morbi non lectus. Aliquam sit amet diam in magna bibendum imperdiet. Nullam orci pede, venenatis non, sodales sed, tincidunt eu, felis.

Fusce posuere felis sed lacus. Morbi sem mauris, laoreet ut, rhoncus aliquet, pulvinar sed, nisl. Nunc rhoncus dui vel sem.', 'SYRUP', 'Chemopharma', false,'Shoul be given and taken with cautiosness',0,4);
insert into DRUG (code, name, drug_type, PRESCRIPTION_METRICS, composition, CONTRAINDICATIONS, form, manufacturer, recept_needed,notes, stars, points) values ('S95991D', 'PHOTO FINISH MORE THAN PRIMER BLEMISH CONTROL', 'ANTIDEPRESIV', 'Donec dapibus.', 'Quisque id justo sit amet sapien dignissim vestibulum. Vestibulum ante ipsum primis in faucibus orci luctus et ultrices posuere cubilia Curae; Nulla dapibus dolor vel est. Donec odio justo, sollicitudin ut, suscipit a, feugiat et, eros.', 'Cras non velit nec nisi vulputate nonummy. Maecenas tincidunt lacus at velit. Vivamus vel nulla eget eros elementum pellentesque.

Quisque porta volutpat erat. Quisque erat eros, viverra eget, congue eget, semper rutrum, nulla. Nunc purus.

Phasellus in felis. Donec semper sapien a libero. Nam dui.', 'SYRUP', 'Chemopharma', false,'Shoul be given and taken with cautiosness',0,3);
insert into DRUG (code, name, drug_type, PRESCRIPTION_METRICS, composition, CONTRAINDICATIONS, form, manufacturer, recept_needed,notes, stars, points) values ('M4004', 'Cranberry', 'ANTIDEPRESIV', 'Sed sagittis.',  'Sed sagittis. Nam congue, risus semper porta volutpat, quam pede lobortis ligula, sit amet eleifend pede libero quis orci. Nullam molestie nibh in lectus.', 'In sagittis dui vel nisl. Duis ac nibh. Fusce lacus purus, aliquet at, feugiat non, pretium quis, lectus.

Suspendisse potenti. In eleifend quam a odio. In hac habitasse platea dictumst.

Maecenas ut massa quis augue luctus tincidunt. Nulla mollis molestie lorem. Quisque ut erat.

Curabitur gravida nisi at nibh. In hac habitasse platea dictumst. Aliquam augue quam, sollicitudin vitae, consectetuer eget, rutrum at, lorem.', 'SYRUP', 'Chemopharma', false,'Shoul be given and taken with cautiosness',0,2);
insert into DRUG (code, name, drug_type, PRESCRIPTION_METRICS, composition, CONTRAINDICATIONS, form, manufacturer, recept_needed,notes, stars, points) values ('T550X3', 'Hydralazine Hydrochloride', 'ANTIDEPRESIV', 'In congue.', 'Duis aliquam convallis nunc. Proin at turpis a pede posuere nonummy. Integer non velit.', 'Duis aliquam convallis nunc. Proin at turpis a pede posuere nonummy. Integer non velit.', 'SYRUP', 'Chemopharma', false,'Shoul be given and taken with cautiosness',0, 3);



insert into DRUG_REPLACEMENT (code, replacement_code) values ('S90465','T474X4A');
insert into DRUG_REPLACEMENT (code, replacement_code) values ('S90465','M1215');
insert into DRUG_REPLACEMENT (code, replacement_code) values ('S90465', 'S61207S');
insert into DRUG_REPLACEMENT (code, replacement_code) values ('S90465','T532X2');
insert into DRUG_REPLACEMENT (code, replacement_code) values ('S90465','O410');
insert into DRUG_REPLACEMENT (code, replacement_code) values ('S90465','S499');
insert into DRUG_REPLACEMENT (code, replacement_code) values ('T550X3','M4004');
insert into DRUG_REPLACEMENT (code, replacement_code) values ('T550X3','S95991D');

insert into DRUG_REPLACEMENT (code, replacement_code) values ('T474X4A','S90465');
insert into DRUG_REPLACEMENT (code, replacement_code) values ('M1215','S90465');
insert into DRUG_REPLACEMENT (code, replacement_code) values ('S61207S', 'S90465');
insert into DRUG_REPLACEMENT (code, replacement_code) values ('T532X2','S90465');
insert into DRUG_REPLACEMENT (code, replacement_code) values ('O410','S90465');
insert into DRUG_REPLACEMENT (code, replacement_code) values ('S90465','S90465');
insert into DRUG_REPLACEMENT (code, replacement_code) values ('M4004','T550X3');
insert into DRUG_REPLACEMENT (code, replacement_code) values ('S95991D','S95991D');






insert into DRUG_FARMACIES (CODE, FARMACY_ID ) values ('S90465', 1);
insert into PRICE(ID,PRICE,CODE,FARMACY_ID, stands_from, stands_until) values (1, 19.9, 'S90465', 1, '2021-01-01','2022-01-01');
insert into FARMACY_DRUG_QTY  (QTY,CODE,FARMACY_ID) values ( 200, 'S90465', 1 );
insert into DRUG_FARMACIES (CODE, FARMACY_ID ) values ('S90465', 2);
insert into PRICE(ID,PRICE,CODE,FARMACY_ID, stands_from, stands_until) values (2, 20.9, 'S90465', 2, '2021-01-01','2022-01-01');
insert into FARMACY_DRUG_QTY  (QTY,CODE,FARMACY_ID) values ( 200, 'S90465', 2 );
insert into DRUG_FARMACIES (CODE, FARMACY_ID ) values ('S90465', 3);
insert into PRICE(ID,PRICE,CODE,FARMACY_ID, stands_from, stands_until) values (3, 18.9, 'S90465', 3, '2021-01-01','2022-01-01');
insert into FARMACY_DRUG_QTY  (QTY,CODE,FARMACY_ID) values ( 200, 'S90465', 3 );
insert into DRUG_FARMACIES (CODE, FARMACY_ID ) values ('S90465', 4);
insert into PRICE(ID,PRICE,CODE,FARMACY_ID, stands_from, stands_until) values (4, 18.9, 'S90465', 4, '2021-01-01','2022-01-01');
insert into FARMACY_DRUG_QTY  (QTY,CODE,FARMACY_ID) values ( 200, 'S90465', 4 );
insert into DRUG_FARMACIES (CODE, FARMACY_ID ) values ('S90465', 5);
insert into PRICE(ID,PRICE,CODE,FARMACY_ID, stands_from, stands_until) values (5, 20.9, 'S90465', 5, '2021-01-01','2022-01-01');
insert into FARMACY_DRUG_QTY  (QTY,CODE,FARMACY_ID) values ( 200, 'S90465', 5 );
insert into DRUG_FARMACIES (CODE, FARMACY_ID ) values ('S90465', 6);
insert into PRICE(ID,PRICE,CODE,FARMACY_ID, stands_from, stands_until) values (6, 20.7, 'S90465', 6, '2021-01-01','2022-01-01');
insert into FARMACY_DRUG_QTY  (QTY,CODE,FARMACY_ID) values ( 200, 'S90465', 6 );
insert into DRUG_FARMACIES (CODE, FARMACY_ID ) values ('S90465', 7);
insert into PRICE(ID,PRICE,CODE,FARMACY_ID, stands_from, stands_until) values (7, 20.4, 'S90465', 7, '2021-01-01','2022-01-01');
insert into FARMACY_DRUG_QTY  (QTY,CODE,FARMACY_ID) values ( 200, 'S90465', 7 );
insert into DRUG_FARMACIES (CODE, FARMACY_ID ) values ('S90465', 8);
insert into PRICE(ID,PRICE,CODE,FARMACY_ID, stands_from, stands_until) values (8, 19.7, 'S90465', 8, '2021-01-01','2022-01-01');
insert into FARMACY_DRUG_QTY  (QTY,CODE,FARMACY_ID) values ( 200, 'S90465', 8 );
insert into DRUG_FARMACIES (CODE, FARMACY_ID ) values ('S90465', 9);
insert into PRICE(ID,PRICE,CODE,FARMACY_ID, stands_from, stands_until) values (9, 18.7, 'S90465', 9, '2021-01-01','2022-01-01');
insert into FARMACY_DRUG_QTY  (QTY,CODE,FARMACY_ID) values ( 200, 'S90465', 9 );
insert into DRUG_FARMACIES (CODE, FARMACY_ID ) values ('S90465', 10);
insert into PRICE(ID,PRICE,CODE,FARMACY_ID, stands_from, stands_until) values (10, 20.7, 'S90465', 10, '2021-01-01','2022-01-01');
insert into FARMACY_DRUG_QTY  (QTY,CODE,FARMACY_ID) values ( 200, 'S90465', 10 );
insert into DRUG_FARMACIES (CODE, FARMACY_ID ) values ('S90465', 11);
insert into PRICE(ID,PRICE,CODE,FARMACY_ID, stands_from, stands_until) values (11, 21.7, 'S90465', 11, '2021-01-01','2022-01-01');
insert into FARMACY_DRUG_QTY  (QTY,CODE,FARMACY_ID) values ( 200, 'S90465', 11 );
insert into DRUG_FARMACIES (CODE, FARMACY_ID ) values ('S90465', 12);
insert into PRICE(ID,PRICE,CODE,FARMACY_ID, stands_from, stands_until) values (12, 21.8, 'S90465', 12, '2021-01-01','2022-01-01');
insert into FARMACY_DRUG_QTY  (QTY,CODE,FARMACY_ID) values ( 200, 'S90465', 12 );
insert into DRUG_FARMACIES (CODE, FARMACY_ID ) values ('S90465', 13);
insert into PRICE(ID,PRICE,CODE,FARMACY_ID, stands_from, stands_until) values (13, 21.1, 'S90465', 13, '2021-01-01','2022-01-01');
insert into FARMACY_DRUG_QTY  (QTY,CODE,FARMACY_ID) values ( 200, 'S90465', 13 );
insert into DRUG_FARMACIES (CODE, FARMACY_ID ) values ('S90465', 14);
insert into PRICE(ID,PRICE,CODE,FARMACY_ID, stands_from, stands_until) values (14, 19.7, 'S90465', 14, '2021-01-01','2022-01-01');
insert into FARMACY_DRUG_QTY  (QTY,CODE,FARMACY_ID) values ( 200, 'S90465', 14 );
insert into DRUG_FARMACIES (CODE, FARMACY_ID ) values ('S90465', 15);
insert into PRICE(ID,PRICE,CODE,FARMACY_ID, stands_from, stands_until) values (15, 20.7, 'S90465', 15, '2021-01-01','2022-01-01');
insert into FARMACY_DRUG_QTY  (QTY,CODE,FARMACY_ID) values ( 200, 'S90465', 15 );
insert into DRUG_FARMACIES (CODE, FARMACY_ID ) values ('S90465', 16);
insert into PRICE(ID,PRICE,CODE,FARMACY_ID, stands_from, stands_until) values (16, 18.7, 'S90465', 16, '2021-01-01','2022-01-01');
insert into FARMACY_DRUG_QTY  (QTY,CODE,FARMACY_ID) values ( 200, 'S90465', 16 );
insert into DRUG_FARMACIES (CODE, FARMACY_ID ) values ('S90465', 17);
insert into PRICE(ID,PRICE,CODE,FARMACY_ID, stands_from, stands_until) values (17, 21.5, 'S90465', 17, '2021-01-01','2022-01-01');
insert into FARMACY_DRUG_QTY  (QTY,CODE,FARMACY_ID) values ( 200, 'S90465', 17 );
insert into DRUG_FARMACIES (CODE, FARMACY_ID ) values ('S90465', 18);
insert into PRICE(ID,PRICE,CODE,FARMACY_ID, stands_from, stands_until) values (18, 20.4, 'S90465', 18, '2021-01-01','2022-01-01');
insert into FARMACY_DRUG_QTY  (QTY,CODE,FARMACY_ID) values ( 200, 'S90465', 18 );
insert into DRUG_FARMACIES (CODE, FARMACY_ID ) values ('S90465', 19);
insert into PRICE(ID,PRICE,CODE,FARMACY_ID, stands_from, stands_until) values (19, 19.7, 'S90465', 19, '2021-01-01','2022-01-01');
insert into FARMACY_DRUG_QTY  (QTY,CODE,FARMACY_ID) values ( 200, 'S90465', 19 );
insert into DRUG_FARMACIES (CODE, FARMACY_ID ) values ('S90465', 20);
insert into PRICE(ID,PRICE,CODE,FARMACY_ID, stands_from, stands_until) values (20, 18.9, 'S90465', 20, '2021-01-01','2022-01-01');
insert into FARMACY_DRUG_QTY  (QTY,CODE,FARMACY_ID) values ( 200, 'S90465', 20 );

insert into DRUG_FARMACIES (CODE, FARMACY_ID ) values ('T474X4A', 1);
insert into PRICE(ID,PRICE,CODE,FARMACY_ID, stands_from, stands_until) values (21, 5.9, 'T474X4A', 1, '2021-01-01','2022-01-01');
insert into FARMACY_DRUG_QTY  (QTY,CODE,FARMACY_ID) values ( 400, 'T474X4A', 1 );
insert into DRUG_FARMACIES (CODE, FARMACY_ID ) values ('T474X4A', 2);
insert into PRICE(ID,PRICE,CODE,FARMACY_ID, stands_from, stands_until) values (22, 6.0, 'T474X4A', 2, '2021-01-01','2022-01-01');
insert into FARMACY_DRUG_QTY  (QTY,CODE,FARMACY_ID) values ( 400, 'T474X4A', 2 );
insert into DRUG_FARMACIES (CODE, FARMACY_ID ) values ('T474X4A', 3);
insert into PRICE(ID,PRICE,CODE,FARMACY_ID, stands_from, stands_until) values (23, 5.5, 'T474X4A', 3, '2021-01-01','2022-01-01');
insert into FARMACY_DRUG_QTY  (QTY,CODE,FARMACY_ID) values ( 400, 'T474X4A', 3 );
insert into DRUG_FARMACIES (CODE, FARMACY_ID ) values ('T474X4A', 4);
insert into PRICE(ID,PRICE,CODE,FARMACY_ID, stands_from, stands_until) values (24, 5.9, 'T474X4A', 4, '2021-01-01','2022-01-01');
insert into FARMACY_DRUG_QTY  (QTY,CODE,FARMACY_ID) values ( 400, 'T474X4A', 4 );
insert into DRUG_FARMACIES (CODE, FARMACY_ID ) values ('T474X4A', 5);
insert into PRICE(ID,PRICE,CODE,FARMACY_ID, stands_from, stands_until) values (25, 5.5, 'T474X4A', 5, '2021-01-01','2022-01-01');
insert into FARMACY_DRUG_QTY  (QTY,CODE,FARMACY_ID) values ( 400, 'T474X4A', 5);
insert into DRUG_FARMACIES (CODE, FARMACY_ID ) values ('T474X4A', 6);
insert into PRICE(ID,PRICE,CODE,FARMACY_ID, stands_from, stands_until) values (26, 5.7, 'T474X4A', 6, '2021-01-01','2022-01-01');
insert into FARMACY_DRUG_QTY  (QTY,CODE,FARMACY_ID) values ( 400, 'T474X4A', 6 );
insert into DRUG_FARMACIES (CODE, FARMACY_ID ) values ('T474X4A', 7);
insert into PRICE(ID,PRICE,CODE,FARMACY_ID, stands_from, stands_until) values (27, 5.7, 'T474X4A', 7, '2021-01-01','2022-01-01');
insert into FARMACY_DRUG_QTY  (QTY,CODE,FARMACY_ID) values ( 400, 'T474X4A', 7 );
insert into DRUG_FARMACIES (CODE, FARMACY_ID ) values ('T474X4A', 8);
insert into PRICE(ID,PRICE,CODE,FARMACY_ID, stands_from, stands_until) values (28, 5.2, 'T474X4A', 8, '2021-01-01','2022-01-01');
insert into FARMACY_DRUG_QTY  (QTY,CODE,FARMACY_ID) values ( 400, 'T474X4A', 8 );
insert into DRUG_FARMACIES (CODE, FARMACY_ID ) values ('T474X4A', 9);
insert into PRICE(ID,PRICE,CODE,FARMACY_ID, stands_from, stands_until) values (29, 5.9, 'T474X4A', 9, '2021-01-01','2022-01-01');
insert into FARMACY_DRUG_QTY  (QTY,CODE,FARMACY_ID) values ( 400, 'T474X4A', 9 );
insert into DRUG_FARMACIES (CODE, FARMACY_ID ) values ('T474X4A', 10);
insert into PRICE(ID,PRICE,CODE,FARMACY_ID, stands_from, stands_until) values (30, 5.9, 'T474X4A', 10, '2021-01-01','2022-01-01');
insert into FARMACY_DRUG_QTY  (QTY,CODE,FARMACY_ID) values ( 400, 'T474X4A', 10 );
insert into DRUG_FARMACIES (CODE, FARMACY_ID ) values ('T474X4A', 11);
insert into PRICE(ID,PRICE,CODE,FARMACY_ID, stands_from, stands_until) values (31, 5.8, 'T474X4A', 11, '2021-01-01','2022-01-01');
insert into FARMACY_DRUG_QTY  (QTY,CODE,FARMACY_ID) values ( 400, 'T474X4A', 11 );
insert into DRUG_FARMACIES (CODE, FARMACY_ID ) values ('T474X4A', 12);
insert into PRICE(ID,PRICE,CODE,FARMACY_ID, stands_from, stands_until) values (32, 5.9, 'T474X4A', 12, '2021-01-01','2022-01-01');
insert into FARMACY_DRUG_QTY  (QTY,CODE,FARMACY_ID) values ( 400, 'T474X4A', 12 );
insert into DRUG_FARMACIES (CODE, FARMACY_ID ) values ('T474X4A', 13);
insert into PRICE(ID,PRICE,CODE,FARMACY_ID, stands_from, stands_until) values (33, 4.9, 'T474X4A', 13, '2021-01-01','2022-01-01');
insert into FARMACY_DRUG_QTY  (QTY,CODE,FARMACY_ID) values ( 400, 'T474X4A', 13 );
insert into DRUG_FARMACIES (CODE, FARMACY_ID ) values ('T474X4A', 14);
insert into PRICE(ID,PRICE,CODE,FARMACY_ID, stands_from, stands_until) values (34, 5.1, 'T474X4A', 14, '2021-01-01','2022-01-01');
insert into FARMACY_DRUG_QTY  (QTY,CODE,FARMACY_ID) values ( 400, 'T474X4A', 14 );
insert into DRUG_FARMACIES (CODE, FARMACY_ID ) values ('T474X4A', 15);
insert into PRICE(ID,PRICE,CODE,FARMACY_ID, stands_from, stands_until) values (35, 5.6, 'T474X4A', 15, '2021-01-01','2022-01-01');
insert into FARMACY_DRUG_QTY  (QTY,CODE,FARMACY_ID) values ( 400, 'T474X4A', 15 );
insert into DRUG_FARMACIES (CODE, FARMACY_ID ) values ('T474X4A', 16);
insert into PRICE(ID,PRICE,CODE,FARMACY_ID, stands_from, stands_until) values (36, 5.9, 'T474X4A', 16, '2021-01-01','2022-01-01');
insert into FARMACY_DRUG_QTY  (QTY,CODE,FARMACY_ID) values ( 400, 'T474X4A', 16 );
insert into DRUG_FARMACIES (CODE, FARMACY_ID ) values ('T474X4A', 17);
insert into PRICE(ID,PRICE,CODE,FARMACY_ID, stands_from, stands_until) values (37, 5.9, 'T474X4A', 17, '2021-01-01','2022-01-01');
insert into FARMACY_DRUG_QTY  (QTY,CODE,FARMACY_ID) values ( 400, 'T474X4A', 17 );
insert into DRUG_FARMACIES (CODE, FARMACY_ID ) values ('T474X4A', 18);
insert into PRICE(ID,PRICE,CODE,FARMACY_ID, stands_from, stands_until) values (38, 5.9, 'T474X4A', 18, '2021-01-01','2022-01-01');
insert into FARMACY_DRUG_QTY  (QTY,CODE,FARMACY_ID) values ( 400, 'T474X4A', 18 );
insert into DRUG_FARMACIES (CODE, FARMACY_ID ) values ('T474X4A', 19);
insert into PRICE(ID,PRICE,CODE,FARMACY_ID, stands_from, stands_until) values (39, 5.9, 'T474X4A', 19, '2021-01-01','2022-01-01');
insert into FARMACY_DRUG_QTY  (QTY,CODE,FARMACY_ID) values ( 400, 'T474X4A', 19 );
insert into DRUG_FARMACIES (CODE, FARMACY_ID ) values ('T474X4A', 20);
insert into PRICE(ID,PRICE,CODE,FARMACY_ID, stands_from, stands_until) values (40, 6.0, 'T474X4A', 20, '2021-01-01','2022-01-01');
insert into FARMACY_DRUG_QTY  (QTY,CODE,FARMACY_ID) values ( 400, 'T474X4A', 20 );

insert into DRUG_FARMACIES (CODE, FARMACY_ID ) values ('M1215', 1);
insert into PRICE(ID,PRICE,CODE,FARMACY_ID, stands_from, stands_until) values (41, 3.2, 'M1215', 1, '2021-01-01','2022-01-01');
insert into FARMACY_DRUG_QTY  (QTY,CODE,FARMACY_ID) values ( 500, 'M1215', 1 );
insert into DRUG_FARMACIES (CODE, FARMACY_ID ) values ('M1215', 3);
insert into PRICE(ID,PRICE,CODE,FARMACY_ID, stands_from, stands_until) values (42, 3.2, 'M1215', 3, '2021-01-01','2022-01-01');
insert into FARMACY_DRUG_QTY  (QTY,CODE,FARMACY_ID) values ( 500, 'M1215', 3 );
insert into DRUG_FARMACIES (CODE, FARMACY_ID ) values ('M1215', 4);
insert into PRICE(ID,PRICE,CODE,FARMACY_ID, stands_from, stands_until) values (43, 3.2, 'M1215', 4, '2021-01-01','2022-01-01');
insert into FARMACY_DRUG_QTY  (QTY,CODE,FARMACY_ID) values ( 500, 'M1215', 4 );
insert into DRUG_FARMACIES (CODE, FARMACY_ID ) values ('M1215', 5);
insert into PRICE(ID,PRICE,CODE,FARMACY_ID, stands_from, stands_until) values (45, 3.2, 'M1215', 5, '2021-01-01','2022-01-01');
insert into FARMACY_DRUG_QTY  (QTY,CODE,FARMACY_ID) values ( 500, 'M1215', 5 );
insert into DRUG_FARMACIES (CODE, FARMACY_ID ) values ('M1215', 6);
insert into PRICE(ID,PRICE,CODE,FARMACY_ID, stands_from, stands_until) values (46, 3.3, 'M1215', 6, '2021-01-01','2022-01-01');
insert into FARMACY_DRUG_QTY  (QTY,CODE,FARMACY_ID) values ( 500, 'M1215', 6 );
insert into DRUG_FARMACIES (CODE, FARMACY_ID ) values ('M1215', 9);
insert into PRICE(ID,PRICE,CODE,FARMACY_ID, stands_from, stands_until) values (47, 3.4, 'M1215', 9, '2021-01-01','2022-01-01');
insert into FARMACY_DRUG_QTY  (QTY,CODE,FARMACY_ID) values ( 500, 'M1215', 9 );
insert into DRUG_FARMACIES (CODE, FARMACY_ID ) values ('M1215', 10);
insert into PRICE(ID,PRICE,CODE,FARMACY_ID, stands_from, stands_until) values (48, 3.1, 'M1215', 10, '2021-01-01','2022-01-01');
insert into FARMACY_DRUG_QTY  (QTY,CODE,FARMACY_ID) values ( 500, 'M1215', 10 );
insert into DRUG_FARMACIES (CODE, FARMACY_ID ) values ('M1215', 11);
insert into PRICE(ID,PRICE,CODE,FARMACY_ID, stands_from, stands_until) values (49, 3.2, 'M1215', 11, '2021-01-01','2022-01-01');
insert into FARMACY_DRUG_QTY  (QTY,CODE,FARMACY_ID) values ( 500, 'M1215', 11 );
insert into DRUG_FARMACIES (CODE, FARMACY_ID ) values ('M1215', 12);
insert into PRICE(ID,PRICE,CODE,FARMACY_ID, stands_from, stands_until) values (50, 3.2, 'M1215', 12, '2021-01-01','2022-01-01');
insert into FARMACY_DRUG_QTY  (QTY,CODE,FARMACY_ID) values ( 500, 'M1215', 12 );
insert into DRUG_FARMACIES (CODE, FARMACY_ID ) values ('M1215', 16);
insert into PRICE(ID,PRICE,CODE,FARMACY_ID, stands_from, stands_until) values (51, 3.4, 'M1215', 16, '2021-01-01','2022-01-01');
insert into FARMACY_DRUG_QTY  (QTY,CODE,FARMACY_ID) values ( 500, 'M1215', 16 );
insert into DRUG_FARMACIES (CODE, FARMACY_ID ) values ('M1215', 17);
insert into PRICE(ID,PRICE,CODE,FARMACY_ID, stands_from, stands_until) values (52, 3.4, 'M1215', 17, '2021-01-01','2022-01-01');
insert into FARMACY_DRUG_QTY  (QTY,CODE,FARMACY_ID) values ( 500, 'M1215', 17 );
insert into DRUG_FARMACIES (CODE, FARMACY_ID ) values ('M1215', 18);
insert into PRICE(ID,PRICE,CODE,FARMACY_ID, stands_from, stands_until) values (53, 3.1, 'M1215', 18, '2021-01-01','2022-01-01');
insert into FARMACY_DRUG_QTY  (QTY,CODE,FARMACY_ID) values ( 500, 'M1215', 18 );
insert into DRUG_FARMACIES (CODE, FARMACY_ID ) values ('M1215', 19);
insert into PRICE(ID,PRICE,CODE,FARMACY_ID, stands_from, stands_until) values (54, 3.1, 'M1215', 19, '2021-01-01','2022-01-01');
insert into FARMACY_DRUG_QTY  (QTY,CODE,FARMACY_ID) values ( 500, 'M1215', 19 );
insert into DRUG_FARMACIES (CODE, FARMACY_ID ) values ('M1215', 20);
insert into PRICE(ID,PRICE,CODE,FARMACY_ID, stands_from, stands_until) values (55, 3.2, 'M1215', 20, '2021-01-01','2022-01-01');
insert into FARMACY_DRUG_QTY  (QTY,CODE,FARMACY_ID) values ( 500, 'M1215', 20 );


insert into DRUG_FARMACIES (CODE, FARMACY_ID ) values ('S61207S', 3);
insert into PRICE(ID,PRICE,CODE,FARMACY_ID, stands_from, stands_until) values (56, 0.9, 'S61207S', 3, '2021-01-01','2022-01-01');
insert into FARMACY_DRUG_QTY  (QTY,CODE,FARMACY_ID) values ( 800, 'S61207S', 3 );
insert into DRUG_FARMACIES (CODE, FARMACY_ID ) values ('S61207S', 4);
insert into PRICE(ID,PRICE,CODE,FARMACY_ID, stands_from, stands_until) values (57, 0.9, 'S61207S', 4, '2021-01-01','2022-01-01');
insert into FARMACY_DRUG_QTY  (QTY,CODE,FARMACY_ID) values ( 800, 'S61207S', 4 );
insert into DRUG_FARMACIES (CODE, FARMACY_ID ) values ('S61207S', 5);
insert into PRICE(ID,PRICE,CODE,FARMACY_ID, stands_from, stands_until) values (58, 1.0, 'S61207S', 5, '2021-01-01','2022-01-01');
insert into FARMACY_DRUG_QTY  (QTY,CODE,FARMACY_ID) values ( 800, 'S61207S', 5 );
insert into DRUG_FARMACIES (CODE, FARMACY_ID ) values ('S61207S', 6);
insert into PRICE(ID,PRICE,CODE,FARMACY_ID, stands_from, stands_until) values (59, 0.9, 'S61207S', 6, '2021-01-01','2022-01-01');
insert into FARMACY_DRUG_QTY  (QTY,CODE,FARMACY_ID) values ( 800, 'S61207S', 6 );
insert into DRUG_FARMACIES (CODE, FARMACY_ID ) values ('S61207S', 7);
insert into PRICE(ID,PRICE,CODE,FARMACY_ID, stands_from, stands_until) values (60, 1.1, 'S61207S', 7, '2021-01-01','2022-01-01');
insert into FARMACY_DRUG_QTY  (QTY,CODE,FARMACY_ID) values ( 800, 'S61207S', 7 );
insert into DRUG_FARMACIES (CODE, FARMACY_ID ) values ('S61207S', 8);
insert into PRICE(ID,PRICE,CODE,FARMACY_ID, stands_from, stands_until) values (61, 0.9, 'S61207S', 8, '2021-01-01','2022-01-01');
insert into FARMACY_DRUG_QTY  (QTY,CODE,FARMACY_ID) values ( 800, 'S61207S', 8 );
insert into DRUG_FARMACIES (CODE, FARMACY_ID ) values ('S61207S', 9);
insert into PRICE(ID,PRICE,CODE,FARMACY_ID, stands_from, stands_until) values (62, 0.9, 'S61207S', 9, '2021-01-01','2022-01-01');
insert into FARMACY_DRUG_QTY  (QTY,CODE,FARMACY_ID) values ( 800, 'S61207S', 9 );
insert into DRUG_FARMACIES (CODE, FARMACY_ID ) values ('S61207S', 10);
insert into PRICE(ID,PRICE,CODE,FARMACY_ID, stands_from, stands_until) values (63, 0.9, 'S61207S', 10, '2021-01-01','2022-01-01');
insert into FARMACY_DRUG_QTY  (QTY,CODE,FARMACY_ID) values ( 800, 'S61207S', 10 );
insert into DRUG_FARMACIES (CODE, FARMACY_ID ) values ('S61207S', 11);
insert into PRICE(ID,PRICE,CODE,FARMACY_ID, stands_from, stands_until) values (64, 0.9, 'S61207S', 11, '2021-01-01','2022-01-01');
insert into FARMACY_DRUG_QTY  (QTY,CODE,FARMACY_ID) values ( 800, 'S61207S', 11 );
insert into DRUG_FARMACIES (CODE, FARMACY_ID ) values ('S61207S', 12);
insert into PRICE(ID,PRICE,CODE,FARMACY_ID, stands_from, stands_until) values (65, 0.9, 'S61207S', 12, '2021-01-01','2022-01-01');
insert into FARMACY_DRUG_QTY  (QTY,CODE,FARMACY_ID) values ( 800, 'S61207S', 12 );
insert into DRUG_FARMACIES (CODE, FARMACY_ID ) values ('S61207S', 13);
insert into PRICE(ID,PRICE,CODE,FARMACY_ID, stands_from, stands_until) values (66, 0.9, 'S61207S', 13, '2021-01-01','2022-01-01');
insert into FARMACY_DRUG_QTY  (QTY,CODE,FARMACY_ID) values ( 800, 'S61207S', 13 );


insert into DRUG_FARMACIES (CODE, FARMACY_ID ) values ('T81522A', 1);
insert into PRICE(ID,PRICE,CODE,FARMACY_ID, stands_from, stands_until) values (67, 2.9, 'T81522A', 1, '2021-01-01','2022-01-01');
insert into FARMACY_DRUG_QTY  (QTY,CODE,FARMACY_ID) values ( 600, 'T81522A', 1 );
insert into DRUG_FARMACIES (CODE, FARMACY_ID ) values ('T81522A', 2);
insert into PRICE(ID,PRICE,CODE,FARMACY_ID, stands_from, stands_until) values (68, 2.8, 'T81522A', 2, '2021-01-01','2022-01-01');
insert into FARMACY_DRUG_QTY  (QTY,CODE,FARMACY_ID) values ( 600, 'T81522A', 2 );
insert into DRUG_FARMACIES (CODE, FARMACY_ID ) values ('T81522A', 3);
insert into PRICE(ID,PRICE,CODE,FARMACY_ID, stands_from, stands_until) values (69, 2.9, 'T81522A', 3, '2021-01-01','2022-01-01');
insert into FARMACY_DRUG_QTY  (QTY,CODE,FARMACY_ID) values ( 600, 'T81522A', 3 );
insert into DRUG_FARMACIES (CODE, FARMACY_ID ) values ('T81522A', 9);
insert into PRICE(ID,PRICE,CODE,FARMACY_ID, stands_from, stands_until) values (70, 2.9, 'T81522A', 9, '2021-01-01','2022-01-01');
insert into FARMACY_DRUG_QTY  (QTY,CODE,FARMACY_ID) values ( 600, 'T81522A', 9 );
insert into DRUG_FARMACIES (CODE, FARMACY_ID ) values ('T81522A', 10);
insert into PRICE(ID,PRICE,CODE,FARMACY_ID, stands_from, stands_until) values (71, 2.9, 'T81522A', 10, '2021-01-01','2022-01-01');
insert into FARMACY_DRUG_QTY  (QTY,CODE,FARMACY_ID) values ( 600, 'T81522A', 10 );
insert into DRUG_FARMACIES (CODE, FARMACY_ID ) values ('T81522A', 11);
insert into PRICE(ID,PRICE,CODE,FARMACY_ID, stands_from, stands_until) values (72, 2.6, 'T81522A', 11, '2021-01-01','2022-01-01');
insert into FARMACY_DRUG_QTY  (QTY,CODE,FARMACY_ID) values ( 600, 'T81522A', 11 );
insert into DRUG_FARMACIES (CODE, FARMACY_ID ) values ('T81522A', 12);
insert into PRICE(ID,PRICE,CODE,FARMACY_ID, stands_from, stands_until) values (73, 2.9, 'T81522A', 12, '2021-01-01','2022-01-01');
insert into FARMACY_DRUG_QTY  (QTY,CODE,FARMACY_ID) values ( 600, 'T81522A', 12 );
insert into DRUG_FARMACIES (CODE, FARMACY_ID ) values ('T81522A', 15);
insert into PRICE(ID,PRICE,CODE,FARMACY_ID, stands_from, stands_until) values (74, 2.7, 'T81522A', 15, '2021-01-01','2022-01-01');
insert into FARMACY_DRUG_QTY  (QTY,CODE,FARMACY_ID) values ( 600, 'T81522A', 15 );
insert into DRUG_FARMACIES (CODE, FARMACY_ID ) values ('T81522A', 16);
insert into PRICE(ID,PRICE,CODE,FARMACY_ID, stands_from, stands_until) values (75, 2.5, 'T81522A', 16, '2021-01-01','2022-01-01');
insert into FARMACY_DRUG_QTY  (QTY,CODE,FARMACY_ID) values ( 600, 'T81522A', 16 );
insert into DRUG_FARMACIES (CODE, FARMACY_ID ) values ('T81522A', 17);
insert into PRICE(ID,PRICE,CODE,FARMACY_ID, stands_from, stands_until) values (76, 2.4, 'T81522A', 17, '2021-01-01','2022-01-01');
insert into FARMACY_DRUG_QTY  (QTY,CODE,FARMACY_ID) values ( 600, 'T81522A', 17);
insert into DRUG_FARMACIES (CODE, FARMACY_ID ) values ('T81522A', 18);
insert into PRICE(ID,PRICE,CODE,FARMACY_ID, stands_from, stands_until) values (77, 2.9, 'T81522A', 18, '2021-01-01','2022-01-01');
insert into FARMACY_DRUG_QTY  (QTY,CODE,FARMACY_ID) values ( 600, 'T81522A', 18 );
insert into DRUG_FARMACIES (CODE, FARMACY_ID ) values ('T81522A', 19);
insert into PRICE(ID,PRICE,CODE,FARMACY_ID, stands_from, stands_until) values (78, 2.9, 'T81522A', 19, '2021-01-01','2022-01-01');
insert into FARMACY_DRUG_QTY  (QTY,CODE,FARMACY_ID) values ( 600, 'T81522A', 19 );
insert into DRUG_FARMACIES (CODE, FARMACY_ID ) values ('T81522A', 20);
insert into PRICE(ID,PRICE,CODE,FARMACY_ID, stands_from, stands_until) values (79, 2.9, 'T81522A', 20, '2021-01-01','2022-01-01');
insert into FARMACY_DRUG_QTY  (QTY,CODE,FARMACY_ID) values ( 600, 'T81522A', 20 );



insert into DRUG_FARMACIES (CODE, FARMACY_ID ) values ('A485', 2);
insert into PRICE(ID,PRICE,CODE,FARMACY_ID, stands_from, stands_until) values (80, 4.7, 'A485', 2, '2021-01-01','2022-01-01');
insert into FARMACY_DRUG_QTY  (QTY,CODE,FARMACY_ID) values ( 450, 'A485', 2 );
insert into DRUG_FARMACIES (CODE, FARMACY_ID ) values ('A485', 3);
insert into PRICE(ID,PRICE,CODE,FARMACY_ID, stands_from, stands_until) values (81, 4.5, 'A485', 3, '2021-01-01','2022-01-01');
insert into FARMACY_DRUG_QTY  (QTY,CODE,FARMACY_ID) values ( 450, 'A485', 3 );
insert into DRUG_FARMACIES (CODE, FARMACY_ID ) values ('A485', 5);
insert into PRICE(ID,PRICE,CODE,FARMACY_ID, stands_from, stands_until) values (82, 4.7, 'A485', 5, '2021-01-01','2022-01-01');
insert into FARMACY_DRUG_QTY  (QTY,CODE,FARMACY_ID) values ( 450, 'A485', 5 );
insert into DRUG_FARMACIES (CODE, FARMACY_ID ) values ('A485', 6);
insert into PRICE(ID,PRICE,CODE,FARMACY_ID, stands_from, stands_until) values (83, 4.7, 'A485', 6, '2021-01-01','2022-01-01');
insert into FARMACY_DRUG_QTY  (QTY,CODE,FARMACY_ID) values ( 450, 'A485', 6 );
insert into DRUG_FARMACIES (CODE, FARMACY_ID ) values ('A485', 8);
insert into PRICE(ID,PRICE,CODE,FARMACY_ID, stands_from, stands_until) values (84, 4.7, 'A485', 8, '2021-01-01','2022-01-01');
insert into FARMACY_DRUG_QTY  (QTY,CODE,FARMACY_ID) values ( 450, 'A485', 8 );
insert into DRUG_FARMACIES (CODE, FARMACY_ID ) values ('A485', 9);
insert into PRICE(ID,PRICE,CODE,FARMACY_ID, stands_from, stands_until) values (85, 4.7, 'A485', 9, '2021-01-01','2022-01-01');
insert into FARMACY_DRUG_QTY  (QTY,CODE,FARMACY_ID) values ( 450, 'A485', 9 );
insert into DRUG_FARMACIES (CODE, FARMACY_ID ) values ('A485', 11);
insert into PRICE(ID,PRICE,CODE,FARMACY_ID, stands_from, stands_until) values (86, 4.6, 'A485', 11, '2021-01-01','2022-01-01');
insert into FARMACY_DRUG_QTY  (QTY,CODE,FARMACY_ID) values ( 450, 'A485', 11 );
insert into DRUG_FARMACIES (CODE, FARMACY_ID ) values ('A485', 12);
insert into PRICE(ID,PRICE,CODE,FARMACY_ID, stands_from, stands_until) values (87, 4.6, 'A485', 12, '2021-01-01','2022-01-01');
insert into FARMACY_DRUG_QTY  (QTY,CODE,FARMACY_ID) values ( 450, 'A485', 12 );
insert into DRUG_FARMACIES (CODE, FARMACY_ID ) values ('A485', 13);
insert into PRICE(ID,PRICE,CODE,FARMACY_ID, stands_from, stands_until) values (88, 4.6, 'A485', 13, '2021-01-01','2022-01-01');
insert into FARMACY_DRUG_QTY  (QTY,CODE,FARMACY_ID) values ( 450, 'A485', 13 );
insert into DRUG_FARMACIES (CODE, FARMACY_ID ) values ('A485', 14);
insert into PRICE(ID,PRICE,CODE,FARMACY_ID, stands_from, stands_until) values (89, 4.6, 'A485', 14, '2021-01-01','2022-01-01');
insert into FARMACY_DRUG_QTY  (QTY,CODE,FARMACY_ID) values ( 450, 'A485', 14 );
insert into DRUG_FARMACIES (CODE, FARMACY_ID ) values ('A485', 15);
insert into PRICE(ID,PRICE,CODE,FARMACY_ID, stands_from, stands_until) values (90, 4.5, 'A485', 15, '2021-01-01','2022-01-01');
insert into FARMACY_DRUG_QTY  (QTY,CODE,FARMACY_ID) values ( 450, 'A485', 15 );
insert into DRUG_FARMACIES (CODE, FARMACY_ID ) values ('A485', 16);
insert into PRICE(ID,PRICE,CODE,FARMACY_ID, stands_from, stands_until) values (91, 4.5, 'A485', 16, '2021-01-01','2022-01-01');
insert into FARMACY_DRUG_QTY  (QTY,CODE,FARMACY_ID) values ( 450, 'A485', 16 );
insert into DRUG_FARMACIES (CODE, FARMACY_ID ) values ('A485', 17);
insert into PRICE(ID,PRICE,CODE,FARMACY_ID, stands_from, stands_until) values (92, 4.5, 'A485', 17, '2021-01-01','2022-01-01');
insert into FARMACY_DRUG_QTY  (QTY,CODE,FARMACY_ID) values ( 450, 'A485', 17 );
insert into DRUG_FARMACIES (CODE, FARMACY_ID ) values ('A485', 20);
insert into PRICE(ID,PRICE,CODE,FARMACY_ID, stands_from, stands_until) values (93, 4.5, 'A485', 20, '2021-01-01','2022-01-01');
insert into FARMACY_DRUG_QTY  (QTY,CODE,FARMACY_ID) values ( 450, 'A485', 20 );


insert into DRUG_FARMACIES (CODE, FARMACY_ID ) values ('S11014D', 6);
insert into PRICE(ID,PRICE,CODE,FARMACY_ID, stands_from, stands_until) values (94, 3.5, 'S11014D', 6, '2021-01-01','2022-01-01');
insert into FARMACY_DRUG_QTY  (QTY,CODE,FARMACY_ID) values ( 650, 'S11014D', 6 );
insert into DRUG_FARMACIES (CODE, FARMACY_ID ) values ('S11014D', 7);
insert into PRICE(ID,PRICE,CODE,FARMACY_ID, stands_from, stands_until) values (95, 3.4, 'S11014D', 7, '2021-01-01','2022-01-01');
insert into FARMACY_DRUG_QTY  (QTY,CODE,FARMACY_ID) values ( 650, 'S11014D', 7 );
insert into DRUG_FARMACIES (CODE, FARMACY_ID ) values ('S11014D', 8);
insert into PRICE(ID,PRICE,CODE,FARMACY_ID, stands_from, stands_until) values (96, 3.3, 'S11014D', 8, '2021-01-01','2022-01-01');
insert into FARMACY_DRUG_QTY  (QTY,CODE,FARMACY_ID) values ( 650, 'S11014D', 8 );
insert into DRUG_FARMACIES (CODE, FARMACY_ID ) values ('S11014D', 10);
insert into PRICE(ID,PRICE,CODE,FARMACY_ID, stands_from, stands_until) values (97, 3.6, 'S11014D', 10, '2021-01-01','2022-01-01');
insert into FARMACY_DRUG_QTY  (QTY,CODE,FARMACY_ID) values ( 650, 'S11014D', 10 );
insert into DRUG_FARMACIES (CODE, FARMACY_ID ) values ('S11014D', 12);
insert into PRICE(ID,PRICE,CODE,FARMACY_ID, stands_from, stands_until) values (98, 3.6, 'S11014D', 12, '2021-01-01','2022-01-01');
insert into FARMACY_DRUG_QTY  (QTY,CODE,FARMACY_ID) values ( 650, 'S11014D', 12 );
insert into DRUG_FARMACIES (CODE, FARMACY_ID ) values ('S11014D', 13);
insert into PRICE(ID,PRICE,CODE,FARMACY_ID, stands_from, stands_until) values (99, 3.5, 'S11014D', 13, '2021-01-01','2022-01-01');
insert into FARMACY_DRUG_QTY  (QTY,CODE,FARMACY_ID) values ( 650, 'S11014D', 13 );
insert into DRUG_FARMACIES (CODE, FARMACY_ID ) values ('S11014D', 15);
insert into PRICE(ID,PRICE,CODE,FARMACY_ID, stands_from, stands_until) values (100, 3.6, 'S11014D', 15, '2021-01-01','2022-01-01');
insert into FARMACY_DRUG_QTY  (QTY,CODE,FARMACY_ID) values ( 650, 'S11014D', 15 );
insert into DRUG_FARMACIES (CODE, FARMACY_ID ) values ('S11014D', 16);
insert into PRICE(ID,PRICE,CODE,FARMACY_ID, stands_from, stands_until) values (101, 3.3, 'S11014D', 16, '2021-01-01','2022-01-01');
insert into FARMACY_DRUG_QTY  (QTY,CODE,FARMACY_ID) values ( 650, 'S11014D', 16 );
insert into DRUG_FARMACIES (CODE, FARMACY_ID ) values ('S11014D', 17);
insert into PRICE(ID,PRICE,CODE,FARMACY_ID, stands_from, stands_until) values (102, 3.6, 'S11014D', 17, '2021-01-01','2022-01-01');
insert into FARMACY_DRUG_QTY  (QTY,CODE,FARMACY_ID) values ( 650, 'S11014D', 17 );
insert into DRUG_FARMACIES (CODE, FARMACY_ID ) values ('S11014D', 19);
insert into PRICE(ID,PRICE,CODE,FARMACY_ID, stands_from, stands_until) values (103, 3.5, 'S11014D', 19, '2021-01-01','2022-01-01');
insert into FARMACY_DRUG_QTY  (QTY,CODE,FARMACY_ID) values ( 650, 'S11014D', 19 );
insert into DRUG_FARMACIES (CODE, FARMACY_ID ) values ('S11014D', 20);
insert into PRICE(ID,PRICE,CODE,FARMACY_ID, stands_from, stands_until) values (104, 3.5, 'S11014D', 20, '2021-01-01','2022-01-01');
insert into FARMACY_DRUG_QTY  (QTY,CODE,FARMACY_ID) values ( 650, 'S11014D', 20 );



insert into DRUG_FARMACIES (CODE, FARMACY_ID ) values ('S93312D', 1);
insert into PRICE(ID,PRICE,CODE,FARMACY_ID, stands_from, stands_until) values (105, 8.6, 'S93312D', 1, '2021-01-01','2022-01-01');
insert into FARMACY_DRUG_QTY  (QTY,CODE,FARMACY_ID) values ( 300, 'S93312D', 1 );
insert into DRUG_FARMACIES (CODE, FARMACY_ID ) values ('S93312D', 2);
insert into PRICE(ID,PRICE,CODE,FARMACY_ID, stands_from, stands_until) values (106, 8.7, 'S93312D', 2, '2021-01-01','2022-01-01');
insert into FARMACY_DRUG_QTY  (QTY,CODE,FARMACY_ID) values ( 300, 'S93312D', 2 );
insert into DRUG_FARMACIES (CODE, FARMACY_ID ) values ('S93312D', 3);
insert into PRICE(ID,PRICE,CODE,FARMACY_ID, stands_from, stands_until) values (107, 8.9, 'S93312D', 3, '2021-01-01','2022-01-01');
insert into FARMACY_DRUG_QTY  (QTY,CODE,FARMACY_ID) values ( 300, 'S93312D', 3 );
insert into DRUG_FARMACIES (CODE, FARMACY_ID ) values ('S93312D', 8);
insert into PRICE(ID,PRICE,CODE,FARMACY_ID, stands_from, stands_until) values (108, 8.5, 'S93312D', 8, '2021-01-01','2022-01-01');
insert into FARMACY_DRUG_QTY  (QTY,CODE,FARMACY_ID) values ( 300, 'S93312D', 8 );
insert into DRUG_FARMACIES (CODE, FARMACY_ID ) values ('S93312D', 9);
insert into PRICE(ID,PRICE,CODE,FARMACY_ID, stands_from, stands_until) values (109, 8.5, 'S93312D', 9, '2021-01-01','2022-01-01');
insert into FARMACY_DRUG_QTY  (QTY,CODE,FARMACY_ID) values ( 300, 'S93312D', 9 );
insert into DRUG_FARMACIES (CODE, FARMACY_ID ) values ('S93312D', 10);
insert into PRICE(ID,PRICE,CODE,FARMACY_ID, stands_from, stands_until) values (110, 8.9, 'S93312D', 10, '2021-01-01','2022-01-01');
insert into FARMACY_DRUG_QTY  (QTY,CODE,FARMACY_ID) values ( 300, 'S93312D', 10 );
insert into DRUG_FARMACIES (CODE, FARMACY_ID ) values ('S93312D', 11);
insert into PRICE(ID,PRICE,CODE,FARMACY_ID, stands_from, stands_until) values (111, 8.5, 'S93312D', 11, '2021-01-01','2022-01-01');
insert into FARMACY_DRUG_QTY  (QTY,CODE,FARMACY_ID) values ( 300, 'S93312D', 11 );
insert into DRUG_FARMACIES (CODE, FARMACY_ID ) values ('S93312D', 12);
insert into PRICE(ID,PRICE,CODE,FARMACY_ID, stands_from, stands_until) values (112, 8.5, 'S93312D', 12, '2021-01-01','2022-01-01');
insert into FARMACY_DRUG_QTY  (QTY,CODE,FARMACY_ID) values ( 300, 'S93312D', 12 );




insert into DRUG_FARMACIES (CODE, FARMACY_ID ) values ('H02134', 7);
insert into PRICE(ID,PRICE,CODE,FARMACY_ID, stands_from, stands_until) values (113, 10.6, 'H02134', 7, '2021-01-01','2022-01-01');
insert into FARMACY_DRUG_QTY  (QTY,CODE,FARMACY_ID) values ( 200, 'H02134', 7 );
insert into DRUG_FARMACIES (CODE, FARMACY_ID ) values ('H02134', 8);
insert into PRICE(ID,PRICE,CODE,FARMACY_ID, stands_from, stands_until) values (114, 10.3, 'H02134', 8, '2021-01-01','2022-01-01');
insert into FARMACY_DRUG_QTY  (QTY,CODE,FARMACY_ID) values ( 200, 'H02134', 8 );
insert into DRUG_FARMACIES (CODE, FARMACY_ID ) values ('H02134', 9);
insert into PRICE(ID,PRICE,CODE,FARMACY_ID, stands_from, stands_until) values (115, 10.4, 'H02134', 9, '2021-01-01','2022-01-01');
insert into FARMACY_DRUG_QTY  (QTY,CODE,FARMACY_ID) values ( 200, 'H02134', 9 );
insert into DRUG_FARMACIES (CODE, FARMACY_ID ) values ('H02134', 10);
insert into PRICE(ID,PRICE,CODE,FARMACY_ID, stands_from, stands_until) values (116, 10.5, 'H02134', 10, '2021-01-01','2022-01-01');
insert into FARMACY_DRUG_QTY  (QTY,CODE,FARMACY_ID) values ( 200, 'H02134', 10 );
insert into DRUG_FARMACIES (CODE, FARMACY_ID ) values ('H02134', 11);
insert into PRICE(ID,PRICE,CODE,FARMACY_ID, stands_from, stands_until) values (117, 10.5, 'H02134', 11, '2021-01-01','2022-01-01');
insert into FARMACY_DRUG_QTY  (QTY,CODE,FARMACY_ID) values ( 200, 'H02134', 11 );
insert into DRUG_FARMACIES (CODE, FARMACY_ID ) values ('H02134', 12);
insert into PRICE(ID,PRICE,CODE,FARMACY_ID, stands_from, stands_until) values (118, 10.4, 'H02134', 12, '2021-01-01','2022-01-01');
insert into FARMACY_DRUG_QTY  (QTY,CODE,FARMACY_ID) values ( 200, 'H02134', 12 );
insert into DRUG_FARMACIES (CODE, FARMACY_ID ) values ('H02134', 13);
insert into PRICE(ID,PRICE,CODE,FARMACY_ID, stands_from, stands_until) values (119, 10.5, 'H02134', 13, '2021-01-01','2022-01-01');
insert into FARMACY_DRUG_QTY  (QTY,CODE,FARMACY_ID) values ( 200, 'H02134', 13 );
insert into DRUG_FARMACIES (CODE, FARMACY_ID ) values ('H02134', 14);
insert into PRICE(ID,PRICE,CODE,FARMACY_ID, stands_from, stands_until) values (120, 10.5, 'H02134', 14, '2021-01-01','2022-01-01');
insert into FARMACY_DRUG_QTY  (QTY,CODE,FARMACY_ID) values ( 200, 'H02134', 14 );
insert into DRUG_FARMACIES (CODE, FARMACY_ID ) values ('H02134', 15);
insert into PRICE(ID,PRICE,CODE,FARMACY_ID, stands_from, stands_until) values (121, 10.4, 'H02134', 15, '2021-01-01','2022-01-01');
insert into FARMACY_DRUG_QTY  (QTY,CODE,FARMACY_ID) values ( 200, 'H02134', 15 );
insert into DRUG_FARMACIES (CODE, FARMACY_ID ) values ('H02134', 16);
insert into PRICE(ID,PRICE,CODE,FARMACY_ID, stands_from, stands_until) values (122, 10.3, 'H02134', 16, '2021-01-01','2022-01-01');
insert into FARMACY_DRUG_QTY  (QTY,CODE,FARMACY_ID) values ( 200, 'H02134', 16 );
insert into DRUG_FARMACIES (CODE, FARMACY_ID ) values ('H02134', 17);
insert into PRICE(ID,PRICE,CODE,FARMACY_ID, stands_from, stands_until) values (123, 10.3, 'H02134', 17, '2021-01-01','2022-01-01');
insert into FARMACY_DRUG_QTY  (QTY,CODE,FARMACY_ID) values ( 200, 'H02134', 17 );
insert into DRUG_FARMACIES (CODE, FARMACY_ID ) values ('H02134', 18);
insert into PRICE(ID,PRICE,CODE,FARMACY_ID, stands_from, stands_until) values (124, 10.5, 'H02134', 18, '2021-01-01','2022-01-01');
insert into FARMACY_DRUG_QTY  (QTY,CODE,FARMACY_ID) values ( 200, 'H02134', 18 );
insert into DRUG_FARMACIES (CODE, FARMACY_ID ) values ('H02134', 19);
insert into PRICE(ID,PRICE,CODE,FARMACY_ID, stands_from, stands_until) values (125, 10.5, 'H02134', 19, '2021-01-01','2022-01-01');
insert into FARMACY_DRUG_QTY  (QTY,CODE,FARMACY_ID) values ( 200, 'H02134', 19 );
insert into DRUG_FARMACIES (CODE, FARMACY_ID ) values ('H02134', 20);
insert into PRICE(ID,PRICE,CODE,FARMACY_ID, stands_from, stands_until) values (126, 10.3, 'H02134', 20, '2021-01-01','2022-01-01');
insert into FARMACY_DRUG_QTY  (QTY,CODE,FARMACY_ID) values ( 200, 'H02134', 20 );


insert into DRUG_FARMACIES (CODE, FARMACY_ID ) values ('H4043X2', 1);
insert into PRICE(ID,PRICE,CODE,FARMACY_ID, stands_from, stands_until) values (127, 1.3, 'H4043X2', 1, '2021-01-01','2022-01-01');
insert into FARMACY_DRUG_QTY  (QTY,CODE,FARMACY_ID) values ( 1000, 'H4043X2', 1 );
insert into DRUG_FARMACIES (CODE, FARMACY_ID ) values ('H4043X2', 2);
insert into PRICE(ID,PRICE,CODE,FARMACY_ID, stands_from, stands_until) values (128, 1.2, 'H4043X2', 2, '2021-01-01','2022-01-01');
insert into FARMACY_DRUG_QTY  (QTY,CODE,FARMACY_ID) values ( 1000, 'H4043X2', 2 );
insert into DRUG_FARMACIES (CODE, FARMACY_ID ) values ('H4043X2', 3);
insert into PRICE(ID,PRICE,CODE,FARMACY_ID, stands_from, stands_until) values (129, 1.3, 'H4043X2', 3, '2021-01-01','2022-01-01');
insert into FARMACY_DRUG_QTY  (QTY,CODE,FARMACY_ID) values ( 1000, 'H4043X2', 3 );
insert into DRUG_FARMACIES (CODE, FARMACY_ID ) values ('H4043X2', 4);
insert into PRICE(ID,PRICE,CODE,FARMACY_ID, stands_from, stands_until) values (130, 1.2, 'H4043X2', 4, '2021-01-01','2022-01-01');
insert into FARMACY_DRUG_QTY  (QTY,CODE,FARMACY_ID) values ( 1000, 'H4043X2', 4 );
insert into DRUG_FARMACIES (CODE, FARMACY_ID ) values ('H4043X2', 5);
insert into PRICE(ID,PRICE,CODE,FARMACY_ID, stands_from, stands_until) values (131, 1.1, 'H4043X2', 5, '2021-01-01','2022-01-01');
insert into FARMACY_DRUG_QTY  (QTY,CODE,FARMACY_ID) values ( 1000, 'H4043X2', 5 );
insert into DRUG_FARMACIES (CODE, FARMACY_ID ) values ('H4043X2', 17);
insert into PRICE(ID,PRICE,CODE,FARMACY_ID, stands_from, stands_until) values (132, 1.4, 'H4043X2', 17, '2021-01-01','2022-01-01');
insert into FARMACY_DRUG_QTY  (QTY,CODE,FARMACY_ID) values ( 1000, 'H4043X2', 17 );
insert into DRUG_FARMACIES (CODE, FARMACY_ID ) values ('H4043X2', 18);
insert into PRICE(ID,PRICE,CODE,FARMACY_ID, stands_from, stands_until) values (133, 1.3, 'H4043X2', 18, '2021-01-01','2022-01-01');
insert into FARMACY_DRUG_QTY  (QTY,CODE,FARMACY_ID) values ( 1000, 'H4043X2', 18 );
insert into DRUG_FARMACIES (CODE, FARMACY_ID ) values ('H4043X2', 19);
insert into PRICE(ID,PRICE,CODE,FARMACY_ID, stands_from, stands_until) values (134, 1.3, 'H4043X2', 19, '2021-01-01','2022-01-01');
insert into FARMACY_DRUG_QTY  (QTY,CODE,FARMACY_ID) values ( 1000, 'H4043X2', 19 );
insert into DRUG_FARMACIES (CODE, FARMACY_ID ) values ('H4043X2', 20);
insert into PRICE(ID,PRICE,CODE,FARMACY_ID, stands_from, stands_until) values (135, 1.3, 'H4043X2', 20, '2021-01-01','2022-01-01');
insert into FARMACY_DRUG_QTY  (QTY,CODE,FARMACY_ID) values ( 1000, 'H4043X2', 20 );


insert into DRUG_FARMACIES (CODE, FARMACY_ID ) values ('M05219', 1);
insert into PRICE(ID,PRICE,CODE,FARMACY_ID, stands_from, stands_until) values (136, 9.3, 'M05219', 1, '2021-01-01','2022-01-01');
insert into FARMACY_DRUG_QTY  (QTY,CODE,FARMACY_ID) values ( 150, 'M05219', 1 );
insert into DRUG_FARMACIES (CODE, FARMACY_ID ) values ('M05219', 2);
insert into PRICE(ID,PRICE,CODE,FARMACY_ID, stands_from, stands_until) values (137, 9.4, 'M05219', 2, '2021-01-01','2022-01-01');
insert into FARMACY_DRUG_QTY  (QTY,CODE,FARMACY_ID) values ( 150, 'M05219', 2 );
insert into DRUG_FARMACIES (CODE, FARMACY_ID ) values ('M05219', 3);
insert into PRICE(ID,PRICE,CODE,FARMACY_ID, stands_from, stands_until) values (138, 9.2, 'M05219', 3, '2021-01-01','2022-01-01');
insert into FARMACY_DRUG_QTY  (QTY,CODE,FARMACY_ID) values ( 150, 'M05219', 3 );
insert into DRUG_FARMACIES (CODE, FARMACY_ID ) values ('M05219', 4);
insert into PRICE(ID,PRICE,CODE,FARMACY_ID, stands_from, stands_until) values (139, 9.3, 'M05219', 4, '2021-01-01','2022-01-01');
insert into FARMACY_DRUG_QTY  (QTY,CODE,FARMACY_ID) values ( 150, 'M05219', 4 );
insert into DRUG_FARMACIES (CODE, FARMACY_ID ) values ('M05219', 5);
insert into PRICE(ID,PRICE,CODE,FARMACY_ID, stands_from, stands_until) values (140, 9.2, 'M05219', 5, '2021-01-01','2022-01-01');
insert into FARMACY_DRUG_QTY  (QTY,CODE,FARMACY_ID) values ( 150, 'M05219', 5 );
insert into DRUG_FARMACIES (CODE, FARMACY_ID ) values ('M05219', 7);
insert into PRICE(ID,PRICE,CODE,FARMACY_ID, stands_from, stands_until) values (141, 9.3, 'M05219', 7, '2021-01-01','2022-01-01');
insert into FARMACY_DRUG_QTY  (QTY,CODE,FARMACY_ID) values ( 150, 'M05219', 7 );
insert into DRUG_FARMACIES (CODE, FARMACY_ID ) values ('M05219', 8);
insert into PRICE(ID,PRICE,CODE,FARMACY_ID, stands_from, stands_until) values (142, 9.2, 'M05219', 8, '2021-01-01','2022-01-01');
insert into FARMACY_DRUG_QTY  (QTY,CODE,FARMACY_ID) values ( 150, 'M05219', 8 );
insert into DRUG_FARMACIES (CODE, FARMACY_ID ) values ('M05219', 9);
insert into PRICE(ID,PRICE,CODE,FARMACY_ID, stands_from, stands_until) values (143, 9.3, 'M05219', 9, '2021-01-01','2022-01-01');
insert into FARMACY_DRUG_QTY  (QTY,CODE,FARMACY_ID) values ( 150, 'M05219', 9 );
insert into DRUG_FARMACIES (CODE, FARMACY_ID ) values ('M05219', 10);
insert into PRICE(ID,PRICE,CODE,FARMACY_ID, stands_from, stands_until) values (144, 9.1, 'M05219', 10, '2021-01-01','2022-01-01');
insert into FARMACY_DRUG_QTY  (QTY,CODE,FARMACY_ID) values ( 150, 'M05219', 10 );
insert into DRUG_FARMACIES (CODE, FARMACY_ID ) values ('M05219', 11);
insert into PRICE(ID,PRICE,CODE,FARMACY_ID, stands_from, stands_until) values (145, 9.3, 'M05219', 11, '2021-01-01','2022-01-01');
insert into FARMACY_DRUG_QTY  (QTY,CODE,FARMACY_ID) values ( 150, 'M05219', 11 );
insert into DRUG_FARMACIES (CODE, FARMACY_ID ) values ('M05219', 12);
insert into PRICE(ID,PRICE,CODE,FARMACY_ID, stands_from, stands_until) values (146, 9.3, 'M05219', 12, '2021-01-01','2022-01-01');
insert into FARMACY_DRUG_QTY  (QTY,CODE,FARMACY_ID) values ( 150, 'M05219', 12 );
insert into DRUG_FARMACIES (CODE, FARMACY_ID ) values ('M05219', 13);
insert into PRICE(ID,PRICE,CODE,FARMACY_ID, stands_from, stands_until) values (147, 9.3, 'M05219', 13, '2021-01-01','2022-01-01');
insert into FARMACY_DRUG_QTY  (QTY,CODE,FARMACY_ID) values ( 150, 'M05219', 13 );
insert into DRUG_FARMACIES (CODE, FARMACY_ID ) values ('M05219', 14);
insert into PRICE(ID,PRICE,CODE,FARMACY_ID, stands_from, stands_until) values (148, 9.3, 'M05219', 14, '2021-01-01','2022-01-01');
insert into FARMACY_DRUG_QTY  (QTY,CODE,FARMACY_ID) values ( 150, 'M05219', 14 );
insert into DRUG_FARMACIES (CODE, FARMACY_ID ) values ('M05219', 16);
insert into PRICE(ID,PRICE,CODE,FARMACY_ID, stands_from, stands_until) values (149, 9.5, 'M05219', 16, '2021-01-01','2022-01-01');
insert into FARMACY_DRUG_QTY  (QTY,CODE,FARMACY_ID) values ( 150, 'M05219', 16 );
insert into DRUG_FARMACIES (CODE, FARMACY_ID ) values ('M05219', 17);
insert into PRICE(ID,PRICE,CODE,FARMACY_ID, stands_from, stands_until) values (150, 9.3, 'M05219', 17, '2021-01-01','2022-01-01');
insert into FARMACY_DRUG_QTY  (QTY,CODE,FARMACY_ID) values ( 150, 'M05219', 17 );
insert into DRUG_FARMACIES (CODE, FARMACY_ID ) values ('M05219', 18);
insert into PRICE(ID,PRICE,CODE,FARMACY_ID, stands_from, stands_until) values (151, 9.1, 'M05219', 18, '2021-01-01','2022-01-01');
insert into FARMACY_DRUG_QTY  (QTY,CODE,FARMACY_ID) values ( 150, 'M05219', 18 );
insert into DRUG_FARMACIES (CODE, FARMACY_ID ) values ('M05219', 19);
insert into PRICE(ID,PRICE,CODE,FARMACY_ID, stands_from, stands_until) values (152, 9.3, 'M05219', 19, '2021-01-01','2022-01-01');
insert into FARMACY_DRUG_QTY  (QTY,CODE,FARMACY_ID) values ( 150, 'M05219', 19 );
insert into DRUG_FARMACIES (CODE, FARMACY_ID ) values ('M05219', 20);
insert into PRICE(ID,PRICE,CODE,FARMACY_ID, stands_from, stands_until) values (153, 9.3, 'M05219', 20, '2021-01-01','2022-01-01');
insert into FARMACY_DRUG_QTY  (QTY,CODE,FARMACY_ID) values ( 150, 'M05219', 20 );



insert into DRUG_FARMACIES (CODE, FARMACY_ID ) values ('S066X1D', 1);
insert into PRICE(ID,PRICE,CODE,FARMACY_ID, stands_from, stands_until) values (154, 8.3, 'S066X1D', 1, '2021-01-01','2022-01-01');
insert into FARMACY_DRUG_QTY  (QTY,CODE,FARMACY_ID) values ( 200, 'S066X1D', 1 );
insert into DRUG_FARMACIES (CODE, FARMACY_ID ) values ('S066X1D', 2);
insert into PRICE(ID,PRICE,CODE,FARMACY_ID, stands_from, stands_until) values (155, 8.3, 'S066X1D', 2, '2021-01-01','2022-01-01');
insert into FARMACY_DRUG_QTY  (QTY,CODE,FARMACY_ID) values ( 200, 'S066X1D', 2 );
insert into DRUG_FARMACIES (CODE, FARMACY_ID ) values ('S066X1D', 3);
insert into PRICE(ID,PRICE,CODE,FARMACY_ID, stands_from, stands_until) values (156, 8.2, 'S066X1D', 3, '2021-01-01','2022-01-01');
insert into FARMACY_DRUG_QTY  (QTY,CODE,FARMACY_ID) values ( 200, 'S066X1D', 3 );
insert into DRUG_FARMACIES (CODE, FARMACY_ID ) values ('S066X1D', 6);
insert into PRICE(ID,PRICE,CODE,FARMACY_ID, stands_from, stands_until) values (157, 8.2, 'S066X1D', 6, '2021-01-01','2022-01-01');
insert into FARMACY_DRUG_QTY  (QTY,CODE,FARMACY_ID) values ( 200, 'S066X1D', 6 );
insert into DRUG_FARMACIES (CODE, FARMACY_ID ) values ('S066X1D', 7);
insert into PRICE(ID,PRICE,CODE,FARMACY_ID, stands_from, stands_until) values (158, 8.0, 'S066X1D', 7, '2021-01-01','2022-01-01');
insert into FARMACY_DRUG_QTY  (QTY,CODE,FARMACY_ID) values ( 200, 'S066X1D', 7 );
insert into DRUG_FARMACIES (CODE, FARMACY_ID ) values ('S066X1D', 8);
insert into PRICE(ID,PRICE,CODE,FARMACY_ID, stands_from, stands_until) values (159, 8.1, 'S066X1D', 8, '2021-01-01','2022-01-01');
insert into FARMACY_DRUG_QTY  (QTY,CODE,FARMACY_ID) values ( 200, 'S066X1D', 8 );
insert into DRUG_FARMACIES (CODE, FARMACY_ID ) values ('S066X1D', 9);
insert into PRICE(ID,PRICE,CODE,FARMACY_ID, stands_from, stands_until) values (160, 8.3, 'S066X1D', 9, '2021-01-01','2022-01-01');
insert into FARMACY_DRUG_QTY  (QTY,CODE,FARMACY_ID) values ( 200, 'S066X1D', 9 );
insert into DRUG_FARMACIES (CODE, FARMACY_ID ) values ('S066X1D', 10);
insert into PRICE(ID,PRICE,CODE,FARMACY_ID, stands_from, stands_until) values (161, 8.3, 'S066X1D', 10, '2021-01-01','2022-01-01');
insert into FARMACY_DRUG_QTY  (QTY,CODE,FARMACY_ID) values ( 200, 'S066X1D', 10 );
insert into DRUG_FARMACIES (CODE, FARMACY_ID ) values ('S066X1D', 11);
insert into PRICE(ID,PRICE,CODE,FARMACY_ID, stands_from, stands_until) values (162, 8.3, 'S066X1D', 11, '2021-01-01','2022-01-01');
insert into FARMACY_DRUG_QTY  (QTY,CODE,FARMACY_ID) values ( 200, 'S066X1D', 11 );
insert into DRUG_FARMACIES (CODE, FARMACY_ID ) values ('S066X1D', 14);
insert into PRICE(ID,PRICE,CODE,FARMACY_ID, stands_from, stands_until) values (163, 8.3, 'S066X1D', 14, '2021-01-01','2022-01-01');
insert into FARMACY_DRUG_QTY  (QTY,CODE,FARMACY_ID) values ( 200, 'S066X1D', 14 );
insert into DRUG_FARMACIES (CODE, FARMACY_ID ) values ('S066X1D', 15);
insert into PRICE(ID,PRICE,CODE,FARMACY_ID, stands_from, stands_until) values (164, 8.3, 'S066X1D', 15, '2021-01-01','2022-01-01');
insert into FARMACY_DRUG_QTY  (QTY,CODE,FARMACY_ID) values ( 200, 'S066X1D', 15 );
insert into DRUG_FARMACIES (CODE, FARMACY_ID ) values ('S066X1D', 16);
insert into PRICE(ID,PRICE,CODE,FARMACY_ID, stands_from, stands_until) values (165, 8.3, 'S066X1D', 16, '2021-01-01','2022-01-01');
insert into FARMACY_DRUG_QTY  (QTY,CODE,FARMACY_ID) values ( 200, 'S066X1D', 16 );
insert into DRUG_FARMACIES (CODE, FARMACY_ID ) values ('S066X1D', 17);
insert into PRICE(ID,PRICE,CODE,FARMACY_ID, stands_from, stands_until) values (166, 8.3, 'S066X1D', 17, '2021-01-01','2022-01-01');
insert into FARMACY_DRUG_QTY  (QTY,CODE,FARMACY_ID) values ( 200, 'S066X1D', 17 );
insert into DRUG_FARMACIES (CODE, FARMACY_ID ) values ('S066X1D', 20);
insert into PRICE(ID,PRICE,CODE,FARMACY_ID, stands_from, stands_until) values (167, 8.3, 'S066X1D', 20, '2021-01-01','2022-01-01');
insert into FARMACY_DRUG_QTY  (QTY,CODE,FARMACY_ID) values ( 200, 'S066X1D', 20 );



insert into DRUG_FARMACIES (CODE, FARMACY_ID ) values ('S499', 1);
insert into PRICE(ID,PRICE,CODE,FARMACY_ID, stands_from, stands_until) values (168, 4.1, 'S499', 1, '2021-01-01','2022-01-01');
insert into FARMACY_DRUG_QTY  (QTY,CODE,FARMACY_ID) values ( 500, 'S499', 1 );
insert into DRUG_FARMACIES (CODE, FARMACY_ID ) values ('S499', 2);
insert into PRICE(ID,PRICE,CODE,FARMACY_ID, stands_from, stands_until) values (169, 4.3, 'S499', 2, '2021-01-01','2022-01-01');
insert into FARMACY_DRUG_QTY  (QTY,CODE,FARMACY_ID) values ( 500, 'S499', 2 );
insert into DRUG_FARMACIES (CODE, FARMACY_ID ) values ('S499', 3);
insert into PRICE(ID,PRICE,CODE,FARMACY_ID, stands_from, stands_until) values (170, 4.1, 'S499', 3, '2021-01-01','2022-01-01');
insert into FARMACY_DRUG_QTY  (QTY,CODE,FARMACY_ID) values ( 500, 'S499', 3 );
insert into DRUG_FARMACIES (CODE, FARMACY_ID ) values ('S499', 4);
insert into PRICE(ID,PRICE,CODE,FARMACY_ID, stands_from, stands_until) values (171, 4.2, 'S499', 4, '2021-01-01','2022-01-01');
insert into FARMACY_DRUG_QTY  (QTY,CODE,FARMACY_ID) values ( 500, 'S499', 4 );
insert into DRUG_FARMACIES (CODE, FARMACY_ID ) values ('S499', 5);
insert into PRICE(ID,PRICE,CODE,FARMACY_ID, stands_from, stands_until) values (172, 4.3, 'S499', 5, '2021-01-01','2022-01-01');
insert into FARMACY_DRUG_QTY  (QTY,CODE,FARMACY_ID) values ( 500, 'S499', 5 );
insert into DRUG_FARMACIES (CODE, FARMACY_ID ) values ('S499', 6);
insert into PRICE(ID,PRICE,CODE,FARMACY_ID, stands_from, stands_until) values (173, 4.3, 'S499', 6, '2021-01-01','2022-01-01');
insert into FARMACY_DRUG_QTY  (QTY,CODE,FARMACY_ID) values ( 500, 'S499', 6 );




insert into DRUG_FARMACIES (CODE, FARMACY_ID ) values ('O410', 4);
insert into PRICE(ID,PRICE,CODE,FARMACY_ID, stands_from, stands_until) values (174, 2.5, 'O410', 4, '2021-01-01','2022-01-01');
insert into FARMACY_DRUG_QTY  (QTY,CODE,FARMACY_ID) values ( 900, 'O410', 4 );
insert into DRUG_FARMACIES (CODE, FARMACY_ID ) values ('O410', 5);
insert into PRICE(ID,PRICE,CODE,FARMACY_ID, stands_from, stands_until) values (175, 2.4, 'O410', 5, '2021-01-01','2022-01-01');
insert into FARMACY_DRUG_QTY  (QTY,CODE,FARMACY_ID) values ( 900, 'O410', 5 );
insert into DRUG_FARMACIES (CODE, FARMACY_ID ) values ('O410', 6);
insert into PRICE(ID,PRICE,CODE,FARMACY_ID, stands_from, stands_until) values (176, 2.5, 'O410', 6, '2021-01-01','2022-01-01');
insert into FARMACY_DRUG_QTY  (QTY,CODE,FARMACY_ID) values ( 900, 'O410', 6 );
insert into DRUG_FARMACIES (CODE, FARMACY_ID ) values ('O410', 7);
insert into PRICE(ID,PRICE,CODE,FARMACY_ID, stands_from, stands_until) values (177, 2.4, 'O410', 7, '2021-01-01','2022-01-01');
insert into FARMACY_DRUG_QTY  (QTY,CODE,FARMACY_ID) values ( 900, 'O410', 7 );
insert into DRUG_FARMACIES (CODE, FARMACY_ID ) values ('O410', 8);
insert into PRICE(ID,PRICE,CODE,FARMACY_ID, stands_from, stands_until) values (178, 2.1, 'O410', 8, '2021-01-01','2022-01-01');
insert into FARMACY_DRUG_QTY  (QTY,CODE,FARMACY_ID) values ( 900, 'O410', 8 );
insert into DRUG_FARMACIES (CODE, FARMACY_ID ) values ('O410', 9);
insert into PRICE(ID,PRICE,CODE,FARMACY_ID, stands_from, stands_until) values (179, 2.4, 'O410', 9, '2021-01-01','2022-01-01');
insert into FARMACY_DRUG_QTY  (QTY,CODE,FARMACY_ID) values ( 900, 'O410', 9 );
insert into DRUG_FARMACIES (CODE, FARMACY_ID ) values ('O410', 10);
insert into PRICE(ID,PRICE,CODE,FARMACY_ID, stands_from, stands_until) values (180, 2.5, 'O410', 10, '2021-01-01','2022-01-01');
insert into FARMACY_DRUG_QTY  (QTY,CODE,FARMACY_ID) values ( 900, 'O410', 10 );
insert into DRUG_FARMACIES (CODE, FARMACY_ID ) values ('O410', 11);
insert into PRICE(ID,PRICE,CODE,FARMACY_ID, stands_from, stands_until) values (181, 2.4, 'O410', 11, '2021-01-01','2022-01-01');
insert into FARMACY_DRUG_QTY  (QTY,CODE,FARMACY_ID) values ( 900, 'O410', 11 );
insert into DRUG_FARMACIES (CODE, FARMACY_ID ) values ('O410', 16);
insert into PRICE(ID,PRICE,CODE,FARMACY_ID, stands_from, stands_until) values (182, 2.3, 'O410', 16, '2021-01-01','2022-01-01');
insert into FARMACY_DRUG_QTY  (QTY,CODE,FARMACY_ID) values ( 900, 'O410', 16 );
insert into DRUG_FARMACIES (CODE, FARMACY_ID ) values ('O410', 17);
insert into PRICE(ID,PRICE,CODE,FARMACY_ID, stands_from, stands_until) values (183, 2.3, 'O410', 17, '2021-01-01','2022-01-01');
insert into FARMACY_DRUG_QTY  (QTY,CODE,FARMACY_ID) values ( 900, 'O410', 17 );
insert into DRUG_FARMACIES (CODE, FARMACY_ID ) values ('O410', 18);
insert into PRICE(ID,PRICE,CODE,FARMACY_ID, stands_from, stands_until) values (184, 2.5, 'O410', 18, '2021-01-01','2022-01-01');
insert into FARMACY_DRUG_QTY  (QTY,CODE,FARMACY_ID) values ( 900, 'O410', 18 );
insert into DRUG_FARMACIES (CODE, FARMACY_ID ) values ('O410', 19);
insert into PRICE(ID,PRICE,CODE,FARMACY_ID, stands_from, stands_until) values (185, 2.5, 'O410', 19, '2021-01-01','2022-01-01');
insert into FARMACY_DRUG_QTY  (QTY,CODE,FARMACY_ID) values ( 900, 'O410', 19 );
insert into DRUG_FARMACIES (CODE, FARMACY_ID ) values ('O410', 20);
insert into PRICE(ID,PRICE,CODE,FARMACY_ID, stands_from, stands_until) values (186, 2.5, 'O410', 20, '2021-01-01','2022-01-01');
insert into FARMACY_DRUG_QTY  (QTY,CODE,FARMACY_ID) values ( 900, 'O410', 20 );


insert into DRUG_FARMACIES (CODE, FARMACY_ID ) values ('T532X2', 1);
insert into PRICE(ID,PRICE,CODE,FARMACY_ID, stands_from, stands_until) values (187, 6.1, 'T532X2', 1, '2021-01-01','2022-01-01');
insert into FARMACY_DRUG_QTY  (QTY,CODE,FARMACY_ID) values ( 450, 'T532X2', 1 );
insert into DRUG_FARMACIES (CODE, FARMACY_ID ) values ('T532X2', 3);
insert into PRICE(ID,PRICE,CODE,FARMACY_ID, stands_from, stands_until) values (188, 6.1, 'T532X2', 3, '2021-01-01','2022-01-01');
insert into FARMACY_DRUG_QTY  (QTY,CODE,FARMACY_ID) values ( 450, 'T532X2', 3 );
insert into DRUG_FARMACIES (CODE, FARMACY_ID ) values ('T532X2', 4);
insert into PRICE(ID,PRICE,CODE,FARMACY_ID, stands_from, stands_until) values (189, 6.0, 'T532X2', 4, '2021-01-01','2022-01-01');
insert into FARMACY_DRUG_QTY  (QTY,CODE,FARMACY_ID) values ( 450, 'T532X2', 4 );
insert into DRUG_FARMACIES (CODE, FARMACY_ID ) values ('T532X2', 5);
insert into PRICE(ID,PRICE,CODE,FARMACY_ID, stands_from, stands_until) values (190, 6.2, 'T532X2', 5, '2021-01-01','2022-01-01');
insert into FARMACY_DRUG_QTY  (QTY,CODE,FARMACY_ID) values ( 450, 'T532X2', 5 );
insert into DRUG_FARMACIES (CODE, FARMACY_ID ) values ('T532X2', 7);
insert into PRICE(ID,PRICE,CODE,FARMACY_ID, stands_from, stands_until) values (191, 6.1, 'T532X2', 7, '2021-01-01','2022-01-01');
insert into FARMACY_DRUG_QTY  (QTY,CODE,FARMACY_ID) values ( 450, 'T532X2', 7 );
insert into DRUG_FARMACIES (CODE, FARMACY_ID ) values ('T532X2', 8);
insert into PRICE(ID,PRICE,CODE,FARMACY_ID, stands_from, stands_until) values (192, 6.2, 'T532X2', 8, '2021-01-01','2022-01-01');
insert into FARMACY_DRUG_QTY  (QTY,CODE,FARMACY_ID) values ( 450, 'T532X2', 8 );
insert into DRUG_FARMACIES (CODE, FARMACY_ID ) values ('T532X2', 9);
insert into PRICE(ID,PRICE,CODE,FARMACY_ID, stands_from, stands_until) values (193, 6.2, 'T532X2', 9, '2021-01-01','2022-01-01');
insert into FARMACY_DRUG_QTY  (QTY,CODE,FARMACY_ID) values ( 450, 'T532X2', 9 );
insert into DRUG_FARMACIES (CODE, FARMACY_ID ) values ('T532X2', 10);
insert into PRICE(ID,PRICE,CODE,FARMACY_ID, stands_from, stands_until) values (194, 6.1, 'T532X2', 10, '2021-01-01','2022-01-01');
insert into FARMACY_DRUG_QTY  (QTY,CODE,FARMACY_ID) values ( 450, 'T532X2', 10 );
insert into DRUG_FARMACIES (CODE, FARMACY_ID ) values ('T532X2', 11);
insert into PRICE(ID,PRICE,CODE,FARMACY_ID, stands_from, stands_until) values (195, 6.0, 'T532X2', 11, '2021-01-01','2022-01-01');
insert into FARMACY_DRUG_QTY  (QTY,CODE,FARMACY_ID) values ( 450, 'T532X2', 11 );
insert into DRUG_FARMACIES (CODE, FARMACY_ID ) values ('T532X2', 12);
insert into PRICE(ID,PRICE,CODE,FARMACY_ID, stands_from, stands_until) values (196, 6.1, 'T532X2', 12, '2021-01-01','2022-01-01');
insert into FARMACY_DRUG_QTY  (QTY,CODE,FARMACY_ID) values ( 450, 'T532X2', 12 );
insert into DRUG_FARMACIES (CODE, FARMACY_ID ) values ('T532X2', 14);
insert into PRICE(ID,PRICE,CODE,FARMACY_ID, stands_from, stands_until) values (197, 6.0, 'T532X2', 14, '2021-01-01','2022-01-01');
insert into FARMACY_DRUG_QTY  (QTY,CODE,FARMACY_ID) values ( 450, 'T532X2', 14 );
insert into DRUG_FARMACIES (CODE, FARMACY_ID ) values ('T532X2', 15);
insert into PRICE(ID,PRICE,CODE,FARMACY_ID, stands_from, stands_until) values (198, 6.0, 'T532X2', 15, '2021-01-01','2022-01-01');
insert into FARMACY_DRUG_QTY  (QTY,CODE,FARMACY_ID) values ( 450, 'T532X2', 15 );
insert into DRUG_FARMACIES (CODE, FARMACY_ID ) values ('T532X2', 16);
insert into PRICE(ID,PRICE,CODE,FARMACY_ID, stands_from, stands_until) values (199, 6.2, 'T532X2', 16, '2021-01-01','2022-01-01');
insert into FARMACY_DRUG_QTY  (QTY,CODE,FARMACY_ID) values ( 450, 'T532X2', 16 );
insert into DRUG_FARMACIES (CODE, FARMACY_ID ) values ('T532X2', 17);
insert into PRICE(ID,PRICE,CODE,FARMACY_ID, stands_from, stands_until) values (200, 6.2, 'T532X2', 17, '2021-01-01','2022-01-01');
insert into FARMACY_DRUG_QTY  (QTY,CODE,FARMACY_ID) values ( 450, 'T532X2', 17 );
insert into DRUG_FARMACIES (CODE, FARMACY_ID ) values ('T532X2', 18);
insert into PRICE(ID,PRICE,CODE,FARMACY_ID, stands_from, stands_until) values (201, 6.2, 'T532X2', 18, '2021-01-01','2022-01-01');
insert into FARMACY_DRUG_QTY  (QTY,CODE,FARMACY_ID) values ( 450, 'T532X2', 18 );
insert into DRUG_FARMACIES (CODE, FARMACY_ID ) values ('T532X2', 20);
insert into PRICE(ID,PRICE,CODE,FARMACY_ID, stands_from, stands_until) values (202, 6.2, 'T532X2', 20, '2021-01-01','2022-01-01');
insert into FARMACY_DRUG_QTY  (QTY,CODE,FARMACY_ID) values ( 450, 'T532X2', 20 );



insert into DRUG_FARMACIES (CODE, FARMACY_ID ) values ('M724', 1);
insert into PRICE(ID,PRICE,CODE,FARMACY_ID, stands_from, stands_until) values (203, 10.3, 'M724', 1, '2021-01-01','2022-01-01');
insert into FARMACY_DRUG_QTY  (QTY,CODE,FARMACY_ID) values ( 100, 'M724', 1 );
insert into DRUG_FARMACIES (CODE, FARMACY_ID ) values ('M724', 2);
insert into PRICE(ID,PRICE,CODE,FARMACY_ID, stands_from, stands_until) values (204, 10.2, 'M724', 2, '2021-01-01','2022-01-01');
insert into FARMACY_DRUG_QTY  (QTY,CODE,FARMACY_ID) values ( 100, 'M724', 2 );
insert into DRUG_FARMACIES (CODE, FARMACY_ID ) values ('M724', 3);
insert into PRICE(ID,PRICE,CODE,FARMACY_ID, stands_from, stands_until) values (205, 10.4, 'M724', 3, '2021-01-01','2022-01-01');
insert into FARMACY_DRUG_QTY  (QTY,CODE,FARMACY_ID) values ( 100, 'M724', 3 );
insert into DRUG_FARMACIES (CODE, FARMACY_ID ) values ('M724', 4);
insert into PRICE(ID,PRICE,CODE,FARMACY_ID, stands_from, stands_until) values (206, 10.2, 'M724', 4, '2021-01-01','2022-01-01');
insert into FARMACY_DRUG_QTY  (QTY,CODE,FARMACY_ID) values ( 100, 'M724', 4 );
insert into DRUG_FARMACIES (CODE, FARMACY_ID ) values ('M724', 5);
insert into PRICE(ID,PRICE,CODE,FARMACY_ID, stands_from, stands_until) values (207, 10.1, 'M724', 5, '2021-01-01','2022-01-01');
insert into FARMACY_DRUG_QTY  (QTY,CODE,FARMACY_ID) values ( 100, 'M724', 5 );
insert into DRUG_FARMACIES (CODE, FARMACY_ID ) values ('M724', 19);
insert into PRICE(ID,PRICE,CODE,FARMACY_ID, stands_from, stands_until) values (208, 10.2, 'M724', 19, '2021-01-01','2022-01-01');
insert into FARMACY_DRUG_QTY  (QTY,CODE,FARMACY_ID) values ( 100, 'M724', 19 );
insert into DRUG_FARMACIES (CODE, FARMACY_ID ) values ('M724', 20);
insert into PRICE(ID,PRICE,CODE,FARMACY_ID, stands_from, stands_until) values (209, 10.2, 'M724', 20, '2021-01-01','2022-01-01');
insert into FARMACY_DRUG_QTY  (QTY,CODE,FARMACY_ID) values ( 100, 'M724', 20 );



insert into DRUG_FARMACIES (CODE, FARMACY_ID ) values ('S59129G', 8);
insert into PRICE(ID,PRICE,CODE,FARMACY_ID, stands_from, stands_until) values (210, 9.2, 'M724', 8, '2021-01-01','2022-01-01');
insert into FARMACY_DRUG_QTY  (QTY,CODE,FARMACY_ID) values ( 50, 'S59129G', 8 );
insert into DRUG_FARMACIES (CODE, FARMACY_ID ) values ('S59129G', 9);
insert into PRICE(ID,PRICE,CODE,FARMACY_ID, stands_from, stands_until) values (211, 9.2, 'M724', 9, '2021-01-01','2022-01-01');
insert into FARMACY_DRUG_QTY  (QTY,CODE,FARMACY_ID) values ( 50, 'S59129G', 9 );
insert into DRUG_FARMACIES (CODE, FARMACY_ID ) values ('S59129G', 10);
insert into PRICE(ID,PRICE,CODE,FARMACY_ID, stands_from, stands_until) values (212, 9.2, 'M724', 10, '2021-01-01','2022-01-01');
insert into FARMACY_DRUG_QTY  (QTY,CODE,FARMACY_ID) values ( 50, 'S59129G', 10 );
insert into DRUG_FARMACIES (CODE, FARMACY_ID ) values ('S59129G', 11);
insert into PRICE(ID,PRICE,CODE,FARMACY_ID, stands_from, stands_until) values (213, 9.3, 'M724', 11, '2021-01-01','2022-01-01');
insert into FARMACY_DRUG_QTY  (QTY,CODE,FARMACY_ID) values ( 50, 'S59129G', 11 );


insert into DRUG_FARMACIES (CODE, FARMACY_ID ) values ('S95991D', 1);
insert into PRICE(ID,PRICE,CODE,FARMACY_ID, stands_from, stands_until) values (214, 2.3, 'S95991D', 1, '2021-01-01','2022-01-01');
insert into FARMACY_DRUG_QTY  (QTY,CODE,FARMACY_ID) values ( 1200, 'S95991D', 1 );
insert into DRUG_FARMACIES (CODE, FARMACY_ID ) values ('S95991D', 3);
insert into PRICE(ID,PRICE,CODE,FARMACY_ID, stands_from, stands_until) values (215, 2.3, 'S95991D', 3, '2021-01-01','2022-01-01');
insert into FARMACY_DRUG_QTY  (QTY,CODE,FARMACY_ID) values ( 1200, 'S95991D', 3 );
insert into DRUG_FARMACIES (CODE, FARMACY_ID ) values ('S95991D', 4);
insert into PRICE(ID,PRICE,CODE,FARMACY_ID, stands_from, stands_until) values (216, 2.2, 'S95991D', 4, '2021-01-01','2022-01-01');
insert into FARMACY_DRUG_QTY  (QTY,CODE,FARMACY_ID) values ( 1200, 'S95991D', 4 );
insert into DRUG_FARMACIES (CODE, FARMACY_ID ) values ('S95991D', 5);
insert into PRICE(ID,PRICE,CODE,FARMACY_ID, stands_from, stands_until) values (217, 2.1, 'S95991D', 5, '2021-01-01','2022-01-01');
insert into FARMACY_DRUG_QTY  (QTY,CODE,FARMACY_ID) values ( 1200, 'S95991D', 5 );
insert into DRUG_FARMACIES (CODE, FARMACY_ID ) values ('S95991D', 7);
insert into PRICE(ID,PRICE,CODE,FARMACY_ID, stands_from, stands_until) values (218, 2.3, 'S95991D', 7, '2021-01-01','2022-01-01');
insert into FARMACY_DRUG_QTY  (QTY,CODE,FARMACY_ID) values ( 1200, 'S95991D', 7 );
insert into DRUG_FARMACIES (CODE, FARMACY_ID ) values ('S95991D', 8);
insert into PRICE(ID,PRICE,CODE,FARMACY_ID, stands_from, stands_until) values (219, 2.1, 'S95991D', 8, '2021-01-01','2022-01-01');
insert into FARMACY_DRUG_QTY  (QTY,CODE,FARMACY_ID) values ( 1200, 'S95991D', 8 );
insert into DRUG_FARMACIES (CODE, FARMACY_ID ) values ('S95991D', 9);
insert into PRICE(ID,PRICE,CODE,FARMACY_ID, stands_from, stands_until) values (220, 2.3, 'S95991D', 9, '2021-01-01','2022-01-01');
insert into FARMACY_DRUG_QTY  (QTY,CODE,FARMACY_ID) values ( 1200, 'S95991D', 9 );
insert into DRUG_FARMACIES (CODE, FARMACY_ID ) values ('S95991D', 10);
insert into PRICE(ID,PRICE,CODE,FARMACY_ID, stands_from, stands_until) values (221, 2.1, 'S95991D', 10, '2021-01-01','2022-01-01');
insert into FARMACY_DRUG_QTY  (QTY,CODE,FARMACY_ID) values ( 1200, 'S95991D', 10 );
insert into DRUG_FARMACIES (CODE, FARMACY_ID ) values ('S95991D', 11);
insert into PRICE(ID,PRICE,CODE,FARMACY_ID, stands_from, stands_until) values (222, 2.3, 'S95991D', 11, '2021-01-01','2022-01-01');
insert into FARMACY_DRUG_QTY  (QTY,CODE,FARMACY_ID) values ( 1200, 'S95991D', 11 );
insert into DRUG_FARMACIES (CODE, FARMACY_ID ) values ('S95991D', 12);
insert into PRICE(ID,PRICE,CODE,FARMACY_ID, stands_from, stands_until) values (223, 2.3, 'S95991D', 12, '2021-01-01','2022-01-01');
insert into FARMACY_DRUG_QTY  (QTY,CODE,FARMACY_ID) values ( 1200, 'S95991D', 12 );
insert into DRUG_FARMACIES (CODE, FARMACY_ID ) values ('S95991D', 14);
insert into PRICE(ID,PRICE,CODE,FARMACY_ID, stands_from, stands_until) values (224, 2.3, 'S95991D', 14, '2021-01-01','2022-01-01');
insert into FARMACY_DRUG_QTY  (QTY,CODE,FARMACY_ID) values ( 1200, 'S95991D', 14 );
insert into DRUG_FARMACIES (CODE, FARMACY_ID ) values ('S95991D', 15);
insert into PRICE(ID,PRICE,CODE,FARMACY_ID, stands_from, stands_until) values (225, 2.2, 'S95991D', 15, '2021-01-01','2022-01-01');
insert into FARMACY_DRUG_QTY  (QTY,CODE,FARMACY_ID) values ( 1200, 'S95991D', 15 );
insert into DRUG_FARMACIES (CODE, FARMACY_ID ) values ('S95991D', 16);
insert into PRICE(ID,PRICE,CODE,FARMACY_ID, stands_from, stands_until) values (226, 2.3, 'S95991D', 16, '2021-01-01','2022-01-01');
insert into FARMACY_DRUG_QTY  (QTY,CODE,FARMACY_ID) values ( 1200, 'S95991D', 16 );
insert into DRUG_FARMACIES (CODE, FARMACY_ID ) values ('S95991D', 17);
insert into PRICE(ID,PRICE,CODE,FARMACY_ID, stands_from, stands_until) values (227, 2.2, 'S95991D', 17, '2021-01-01','2022-01-01');
insert into FARMACY_DRUG_QTY  (QTY,CODE,FARMACY_ID) values ( 1200, 'S95991D', 17 );
insert into DRUG_FARMACIES (CODE, FARMACY_ID ) values ('S95991D', 18);
insert into PRICE(ID,PRICE,CODE,FARMACY_ID, stands_from, stands_until) values (228, 2.3, 'S95991D', 18, '2021-01-01','2022-01-01');
insert into FARMACY_DRUG_QTY  (QTY,CODE,FARMACY_ID) values ( 1200, 'S95991D', 18 );
insert into DRUG_FARMACIES (CODE, FARMACY_ID ) values ('S95991D', 20);
insert into PRICE(ID,PRICE,CODE,FARMACY_ID, stands_from, stands_until) values (229, 2.3, 'S95991D', 20, '2021-01-01','2022-01-01');
insert into FARMACY_DRUG_QTY  (QTY,CODE,FARMACY_ID) values ( 1200, 'S95991D', 20 );



insert into DRUG_FARMACIES (CODE, FARMACY_ID ) values ('M4004', 1);
insert into PRICE(ID,PRICE,CODE,FARMACY_ID, stands_from, stands_until) values (230, 5.3, 'M4004', 1, '2021-01-01','2022-01-01');
insert into FARMACY_DRUG_QTY  (QTY,CODE,FARMACY_ID) values ( 600, 'M4004', 1 );
insert into DRUG_FARMACIES (CODE, FARMACY_ID ) values ('M4004', 3);
insert into PRICE(ID,PRICE,CODE,FARMACY_ID, stands_from, stands_until) values (231, 5.3, 'M4004', 3, '2021-01-01','2022-01-01');
insert into FARMACY_DRUG_QTY  (QTY,CODE,FARMACY_ID) values ( 600, 'M4004', 3 );
insert into DRUG_FARMACIES (CODE, FARMACY_ID ) values ('M4004', 4);
insert into PRICE(ID,PRICE,CODE,FARMACY_ID, stands_from, stands_until) values (232, 5.3, 'M4004', 4, '2021-01-01','2022-01-01');
insert into FARMACY_DRUG_QTY  (QTY,CODE,FARMACY_ID) values ( 600, 'M4004', 4 );
insert into DRUG_FARMACIES (CODE, FARMACY_ID ) values ('M4004', 5);
insert into PRICE(ID,PRICE,CODE,FARMACY_ID, stands_from, stands_until) values (233, 5.2, 'M4004', 5, '2021-01-01','2022-01-01');
insert into FARMACY_DRUG_QTY  (QTY,CODE,FARMACY_ID) values ( 600, 'M4004', 5 );
insert into DRUG_FARMACIES (CODE, FARMACY_ID ) values ('M4004', 9);
insert into PRICE(ID,PRICE,CODE,FARMACY_ID, stands_from, stands_until) values (234, 5.3, 'M4004', 9, '2021-01-01','2022-01-01');
insert into FARMACY_DRUG_QTY  (QTY,CODE,FARMACY_ID) values ( 600, 'M4004', 9 );
insert into DRUG_FARMACIES (CODE, FARMACY_ID ) values ('M4004', 10);
insert into PRICE(ID,PRICE,CODE,FARMACY_ID, stands_from, stands_until) values (235, 5.3, 'M4004', 10, '2021-01-01','2022-01-01');
insert into FARMACY_DRUG_QTY  (QTY,CODE,FARMACY_ID) values ( 600, 'M4004', 10 );
insert into DRUG_FARMACIES (CODE, FARMACY_ID ) values ('M4004', 11);
insert into PRICE(ID,PRICE,CODE,FARMACY_ID, stands_from, stands_until) values (236, 5.2, 'M4004', 11, '2021-01-01','2022-01-01');
insert into FARMACY_DRUG_QTY  (QTY,CODE,FARMACY_ID) values ( 600, 'M4004', 11 );
insert into DRUG_FARMACIES (CODE, FARMACY_ID ) values ('M4004', 12);
insert into PRICE(ID,PRICE,CODE,FARMACY_ID, stands_from, stands_until) values (237, 5.3, 'M4004', 12, '2021-01-01','2022-01-01');
insert into FARMACY_DRUG_QTY  (QTY,CODE,FARMACY_ID) values ( 600, 'M4004', 12 );
insert into DRUG_FARMACIES (CODE, FARMACY_ID ) values ('M4004', 14);
insert into PRICE(ID,PRICE,CODE,FARMACY_ID, stands_from, stands_until) values (238, 5.3, 'M4004', 14, '2021-01-01','2022-01-01');
insert into FARMACY_DRUG_QTY  (QTY,CODE,FARMACY_ID) values ( 600, 'M4004', 14 );
insert into DRUG_FARMACIES (CODE, FARMACY_ID ) values ('M4004', 15);
insert into PRICE(ID,PRICE,CODE,FARMACY_ID, stands_from, stands_until) values (239, 5.4, 'M4004', 15, '2021-01-01','2022-01-01');
insert into FARMACY_DRUG_QTY  (QTY,CODE,FARMACY_ID) values ( 600, 'M4004', 15 );
insert into DRUG_FARMACIES (CODE, FARMACY_ID ) values ('M4004', 16);
insert into PRICE(ID,PRICE,CODE,FARMACY_ID, stands_from, stands_until) values (240, 5.3, 'M4004', 16, '2021-01-01','2022-01-01');
insert into FARMACY_DRUG_QTY  (QTY,CODE,FARMACY_ID) values ( 600, 'M4004', 16 );
insert into DRUG_FARMACIES (CODE, FARMACY_ID ) values ('M4004', 17);
insert into PRICE(ID,PRICE,CODE,FARMACY_ID, stands_from, stands_until) values (241, 5.4, 'M4004', 17, '2021-01-01','2022-01-01');
insert into FARMACY_DRUG_QTY  (QTY,CODE,FARMACY_ID) values ( 600, 'M4004', 17 );
insert into DRUG_FARMACIES (CODE, FARMACY_ID ) values ('M4004', 18);
insert into PRICE(ID,PRICE,CODE,FARMACY_ID, stands_from, stands_until) values (242, 5.4, 'M4004', 18, '2021-01-01','2022-01-01');
insert into FARMACY_DRUG_QTY  (QTY,CODE,FARMACY_ID) values ( 600, 'M4004', 18 );
insert into DRUG_FARMACIES (CODE, FARMACY_ID ) values ('M4004', 20);
insert into PRICE(ID,PRICE,CODE,FARMACY_ID, stands_from, stands_until) values (243, 5.4, 'M4004', 20, '2021-01-01','2022-01-01');
insert into FARMACY_DRUG_QTY  (QTY,CODE,FARMACY_ID) values ( 600, 'M4004', 20 );



insert into DRUG_FARMACIES (CODE, FARMACY_ID ) values ('T550X3', 1);
insert into PRICE(ID,PRICE,CODE,FARMACY_ID, stands_from, stands_until) values (244, 1.4, 'T550X3', 1, '2021-01-01','2022-01-01');
insert into FARMACY_DRUG_QTY  (QTY,CODE,FARMACY_ID) values ( 1500, 'T550X3', 1 );
insert into DRUG_FARMACIES (CODE, FARMACY_ID ) values ('T550X3', 3);
insert into PRICE(ID,PRICE,CODE,FARMACY_ID, stands_from, stands_until) values (245, 1.3, 'T550X3', 3, '2021-01-01','2022-01-01');
insert into FARMACY_DRUG_QTY  (QTY,CODE,FARMACY_ID) values ( 1500, 'T550X3', 3 );
insert into DRUG_FARMACIES (CODE, FARMACY_ID ) values ('T550X3', 4);
insert into PRICE(ID,PRICE,CODE,FARMACY_ID, stands_from, stands_until) values (246, 1.3, 'T550X3', 4, '2021-01-01','2022-01-01');
insert into FARMACY_DRUG_QTY  (QTY,CODE,FARMACY_ID) values ( 1500, 'T550X3', 4 );
insert into DRUG_FARMACIES (CODE, FARMACY_ID ) values ('T550X3', 5);
insert into PRICE(ID,PRICE,CODE,FARMACY_ID, stands_from, stands_until) values (247, 1.4, 'T550X3', 5, '2021-01-01','2022-01-01');
insert into FARMACY_DRUG_QTY  (QTY,CODE,FARMACY_ID) values ( 1500, 'T550X3', 5 );
insert into DRUG_FARMACIES (CODE, FARMACY_ID ) values ('T550X3', 9);
insert into PRICE(ID,PRICE,CODE,FARMACY_ID, stands_from, stands_until) values (248, 1.3, 'T550X3', 9, '2021-01-01','2022-01-01');
insert into FARMACY_DRUG_QTY  (QTY,CODE,FARMACY_ID) values ( 1500, 'T550X3', 9 );
insert into DRUG_FARMACIES (CODE, FARMACY_ID ) values ('T550X3', 10);
insert into PRICE(ID,PRICE,CODE,FARMACY_ID, stands_from, stands_until) values (249, 1.3, 'T550X3', 10, '2021-01-01','2022-01-01');
insert into FARMACY_DRUG_QTY  (QTY,CODE,FARMACY_ID) values ( 1500, 'T550X3', 10 );
insert into DRUG_FARMACIES (CODE, FARMACY_ID ) values ('T550X3', 11);
insert into PRICE(ID,PRICE,CODE,FARMACY_ID, stands_from, stands_until) values (250, 1.5, 'T550X3', 11, '2021-01-01','2022-01-01');
insert into FARMACY_DRUG_QTY  (QTY,CODE,FARMACY_ID) values ( 1500, 'T550X3', 11 );
insert into DRUG_FARMACIES (CODE, FARMACY_ID ) values ('T550X3', 12);
insert into PRICE(ID,PRICE,CODE,FARMACY_ID, stands_from, stands_until) values (251, 1.2, 'T550X3', 12, '2021-01-01','2022-01-01');
insert into FARMACY_DRUG_QTY  (QTY,CODE,FARMACY_ID) values ( 1500, 'T550X3', 12 );
insert into DRUG_FARMACIES (CODE, FARMACY_ID ) values ('T550X3', 17);
insert into PRICE(ID,PRICE,CODE,FARMACY_ID, stands_from, stands_until) values (252, 1.1, 'T550X3', 17, '2021-01-01','2022-01-01');
insert into FARMACY_DRUG_QTY  (QTY,CODE,FARMACY_ID) values ( 1500, 'T550X3', 17 );
insert into DRUG_FARMACIES (CODE, FARMACY_ID ) values ('T550X3', 18);
insert into PRICE(ID,PRICE,CODE,FARMACY_ID, stands_from, stands_until) values (253, 1.4, 'T550X3', 18, '2021-01-01','2022-01-01');
insert into FARMACY_DRUG_QTY  (QTY,CODE,FARMACY_ID) values ( 1500, 'T550X3', 18 );
insert into DRUG_FARMACIES (CODE, FARMACY_ID ) values ('T550X3', 20);
insert into PRICE(ID,PRICE,CODE,FARMACY_ID, stands_from, stands_until) values (254, 1.4, 'T550X3', 20, '2021-01-01','2022-01-01');
insert into FARMACY_DRUG_QTY  (QTY,CODE,FARMACY_ID) values ( 1500, 'T550X3', 20 );







insert into drug_reservation(RESERVATION_ID,PICK_UP,CODE,FARMACY_ID, show_up)values(1, '2021-09-12', 'T550X3', 11, true);
insert into drugs_reserved(email, reservation_id) values('acretney7@businessinsider.com',1);
insert into drug_reservation(RESERVATION_ID,PICK_UP,CODE,FARMACY_ID, show_up)values(2, '2021-09-08', 'T550X3', 10, false);
insert into drugs_reserved(email, reservation_id) values('cphidginh@amazonaws.com',2);
insert into drug_reservation(RESERVATION_ID,PICK_UP,CODE,FARMACY_ID, show_up)values(3, '2021-12-12', 'M4004', 16, false);
insert into drugs_reserved(email, reservation_id) values('nlustedb@skyrock.com',3);
insert into drug_reservation(RESERVATION_ID,PICK_UP,CODE,FARMACY_ID, show_up)values(4, '2021-08-08', 'H02134', 14, false);
insert into drugs_reserved(email, reservation_id) values('bconersn@w3.org',4);
/*penal*/
insert into drug_reservation(RESERVATION_ID,PICK_UP,CODE,FARMACY_ID, show_up)values(5, '2021-09-02', 'H02134', 20, false);
insert into drugs_reserved(email, reservation_id) values('cjancicg@mtv.com',5);
insert into drug_reservation(RESERVATION_ID,PICK_UP,CODE,FARMACY_ID, show_up)values(6, '2021-08-05', 'M4004', 12, true);
insert into drugs_reserved(email, reservation_id) values('gbaistowc@last.fm',6);
insert into drug_reservation(RESERVATION_ID,PICK_UP,CODE,FARMACY_ID, show_up)values(7, '2021-09-11', 'S11014D', 10, false);
insert into drugs_reserved(email, reservation_id) values('cphidginh@amazonaws.com',7);
insert into drug_reservation(RESERVATION_ID,PICK_UP,CODE,FARMACY_ID, show_up)values(8, '2021-09-07', 'A485', 6, false);
insert into drugs_reserved(email, reservation_id) values('ecomberbeachd@netlog.com',8);
insert into drug_reservation(RESERVATION_ID,PICK_UP,CODE,FARMACY_ID, show_up)values(9, '2021-09-07', 'M4004', 1, false);
insert into drugs_reserved(email, reservation_id) values('gbaistowc@last.fm',9);
insert into drug_reservation(RESERVATION_ID,PICK_UP,CODE,FARMACY_ID, show_up)values(10, '2021-09-08', 'S95991D', 15, false);
insert into drugs_reserved(email, reservation_id) values('acretney7@businessinsider.com',10);
insert into drug_reservation(RESERVATION_ID,PICK_UP,CODE,FARMACY_ID, show_up)values(11, '2021-09-12', 'S59129G', 11, false);
insert into drugs_reserved(email, reservation_id) values('cphidginh@amazonaws.com',11);
insert into drug_reservation(RESERVATION_ID,PICK_UP,CODE,FARMACY_ID, show_up)values(12, '2021-08-18', 'S61207S', 4, true);
insert into drugs_reserved(email, reservation_id) values('ecomberbeachd@netlog.com',12);
insert into drug_reservation(RESERVATION_ID,PICK_UP,CODE,FARMACY_ID, show_up)values(13, '2021-12-12', 'H02134', 12, false);
insert into drugs_reserved(email, reservation_id) values('cjancicg@mtv.com',13);
insert into drug_reservation(RESERVATION_ID,PICK_UP,CODE,FARMACY_ID, show_up)values(14, '2021-08-08', 'T81522A', 19, true);
insert into drugs_reserved(email, reservation_id) values('mstonmane@flickr.com',14);
insert into drug_reservation(RESERVATION_ID,PICK_UP,CODE,FARMACY_ID, show_up)values(15, '2021-02-12', 'S90465', 13, true);
insert into drugs_reserved(email, reservation_id) values('gbaistowc@last.fm',15);
insert into drug_reservation(RESERVATION_ID,PICK_UP,CODE,FARMACY_ID, show_up)values(16, '2021-06-08', 'T532X2', 2, true);
insert into drugs_reserved(email, reservation_id) values('stomaszczyki@themeforest.net',16);
insert into drug_reservation(RESERVATION_ID,PICK_UP,CODE,FARMACY_ID, show_up)values(17, '2021-02-12', 'H4043X2', 5, true);
insert into drugs_reserved(email, reservation_id) values('blistj@oracle.com',17);
insert into drug_reservation(RESERVATION_ID,PICK_UP,CODE,FARMACY_ID, show_up)values(18, '2021-09-08', 'T474X4A', 17, true);
insert into drugs_reserved(email, reservation_id) values('acretney7@businessinsider.com',18);
insert into drug_reservation(RESERVATION_ID,PICK_UP,CODE,FARMACY_ID, show_up)values(19, '2021-12-12', 'S90465', 18, false);
insert into drugs_reserved(email, reservation_id) values('stomaszczyki@themeforest.net',19);
insert into drug_reservation(RESERVATION_ID,PICK_UP,CODE,FARMACY_ID, show_up)values(20, '2021-08-08', 'S61207S', 8, true);
insert into drugs_reserved(email, reservation_id) values('cjancicg@mtv.com',20);
insert into drug_reservation(RESERVATION_ID,PICK_UP,CODE,FARMACY_ID, show_up)values(21, '2021-08-12', 'S93312D', 3, true);
insert into drugs_reserved(email, reservation_id) values('ecomberbeachd@netlog.com',21);
insert into drug_reservation(RESERVATION_ID,PICK_UP,CODE,FARMACY_ID, show_up)values(22, '2021-08-08', 'M1215', 5, true);
insert into drugs_reserved(email, reservation_id) values('stomaszczyki@themeforest.net',22);
insert into drug_reservation(RESERVATION_ID,PICK_UP,CODE,FARMACY_ID, show_up)values(23, '2021-08-12', 'T474X4A', 19, true);
insert into drugs_reserved(email, reservation_id) values('blistj@oracle.com',23);
insert into drug_reservation(RESERVATION_ID,PICK_UP,CODE,FARMACY_ID, show_up)values(24, '2021-08-08', 'A485', 2, true);
insert into drugs_reserved(email, reservation_id) values('blistj@oracle.com',24);
insert into drug_reservation(RESERVATION_ID,PICK_UP,CODE,FARMACY_ID, show_up)values(25, '2021-08-12', 'S61207S', 9, true);
insert into drugs_reserved(email, reservation_id) values('acretney7@businessinsider.com',25);
insert into drug_reservation(RESERVATION_ID,PICK_UP,CODE,FARMACY_ID, show_up)values(26, '2021-09-08', 'M1215', 16, true);
insert into drugs_reserved(email, reservation_id) values('mstonmane@flickr.com',26);
insert into drug_reservation(RESERVATION_ID,PICK_UP,CODE,FARMACY_ID, show_up)values(27, '2021-09-12', 'S11014D', 15, false);
insert into drugs_reserved(email, reservation_id) values('cparsandk@dmoz.org',27);
insert into drug_reservation(RESERVATION_ID,PICK_UP,CODE,FARMACY_ID, show_up)values(28, '2021-09-08', 'H02134', 7, false);
insert into drugs_reserved(email, reservation_id) values('kgriswooda@aol.com',28);
insert into drug_reservation(RESERVATION_ID,PICK_UP,CODE,FARMACY_ID, show_up)values(29, '2021-09-12', 'H4043X2', 3, false);
insert into drugs_reserved(email, reservation_id) values('bcoffey8@cmu.edu',29);
insert into drug_reservation(RESERVATION_ID,PICK_UP,CODE,FARMACY_ID, show_up)values(30, '2021-09-08', 'H4043X2', 1, false);
insert into drugs_reserved(email, reservation_id) values('cparsandk@dmoz.org',30);
insert into drug_reservation(RESERVATION_ID,PICK_UP,CODE,FARMACY_ID, show_up)values(31, '2021-09-12', 'S95991D', 9, false);
insert into drugs_reserved(email, reservation_id) values('swilkie9@digg.com',31);
insert into drug_reservation(RESERVATION_ID,PICK_UP,CODE,FARMACY_ID, show_up)values(32, '2021-09-08', 'S59129G', 10, true);
insert into drugs_reserved(email, reservation_id) values('cparsandk@dmoz.org',32);
insert into drug_reservation(RESERVATION_ID,PICK_UP,CODE,FARMACY_ID, show_up)values(33, '2021-09-12', 'M724', 20, false);
insert into drugs_reserved(email, reservation_id) values('otitfordl@etsy.com',33);
insert into drug_reservation(RESERVATION_ID,PICK_UP,CODE,FARMACY_ID, show_up)values(34, '2021-09-08', 'M724', 3, false);
insert into drugs_reserved(email, reservation_id) values('swilkie9@digg.com',34);
insert into drug_reservation(RESERVATION_ID,PICK_UP,CODE,FARMACY_ID, show_up)values(35, '2021-09-12', 'M724', 1, false);
insert into drugs_reserved(email, reservation_id) values('mstonmane@flickr.com',35);
insert into drug_reservation(RESERVATION_ID,PICK_UP,CODE,FARMACY_ID, show_up)values(36, '2021-08-08', 'T532X2', 14, true);
insert into drugs_reserved(email, reservation_id) values('kgriswooda@aol.com',36);
insert into drug_reservation(RESERVATION_ID,PICK_UP,CODE,FARMACY_ID, show_up)values(37, '2021-08-12', 'T532X2', 11, true);
insert into drugs_reserved(email, reservation_id) values('nlustedb@skyrock.com',37);
insert into drug_reservation(RESERVATION_ID,PICK_UP,CODE,FARMACY_ID, show_up)values(38, '2021-08-08', 'T532X2', 2, true);
insert into drugs_reserved(email, reservation_id) values('bcoffey8@cmu.edu',38);
insert into drug_reservation(RESERVATION_ID,PICK_UP,CODE,FARMACY_ID, show_up)values(39, '2021-08-12', 'H4043X2', 18, true);
insert into drugs_reserved(email, reservation_id) values('otitfordl@etsy.com',39);
insert into drug_reservation(RESERVATION_ID,PICK_UP,CODE,FARMACY_ID, show_up)values(40, '2021-08-08', 'T532X2', 8, true);
insert into drugs_reserved(email, reservation_id) values('swilkie9@digg.com',40);
insert into drug_reservation(RESERVATION_ID,PICK_UP,CODE,FARMACY_ID, show_up)values(41, '2021-08-12', 'O410', 19, true);
insert into drugs_reserved(email, reservation_id) values('otitfordl@etsy.com',41);
insert into drug_reservation(RESERVATION_ID,PICK_UP,CODE,FARMACY_ID, show_up)values(42, '2021-08-08', 'M05219', 11, true);
insert into drugs_reserved(email, reservation_id) values('bcoffey8@cmu.edu',42);
insert into drug_reservation(RESERVATION_ID,PICK_UP,CODE,FARMACY_ID, show_up)values(43, '2021-09-12', 'M05219', 13, false);
insert into drugs_reserved(email, reservation_id) values('mstonmane@flickr.com',43);
insert into drug_reservation(RESERVATION_ID,PICK_UP,CODE,FARMACY_ID, show_up)values(44, '2021-09-08', 'O410', 17, false);
insert into drugs_reserved(email, reservation_id) values('lyeatmanm@amazon.co.jp',44);
insert into drug_reservation(RESERVATION_ID,PICK_UP,CODE,FARMACY_ID, show_up)values(45, '2021-09-12', 'O410', 10, true);
insert into drugs_reserved(email, reservation_id) values('acretney7@businessinsider.com',45);
insert into drug_reservation(RESERVATION_ID,PICK_UP,CODE,FARMACY_ID, show_up)values(46, '2021-09-08', 'M05219', 18, false);
insert into drugs_reserved(email, reservation_id) values('cjancicg@mtv.com',46);
insert into drug_reservation(RESERVATION_ID,PICK_UP,CODE,FARMACY_ID, show_up)values(47, '2021-09-12', 'O410', 9, false);
insert into drugs_reserved(email, reservation_id) values('nlustedb@skyrock.com',47);
insert into drug_reservation(RESERVATION_ID,PICK_UP,CODE,FARMACY_ID, show_up)values(48, '2021-09-08', 'M05219', 20, false);
insert into drugs_reserved(email, reservation_id) values('ddumbaref@theguardian.com',48);
insert into drug_reservation(RESERVATION_ID,PICK_UP,CODE,FARMACY_ID, show_up)values(49, '2021-09-12', 'O410', 5, false);
insert into drugs_reserved(email, reservation_id) values('swilkie9@digg.com',49);
insert into drug_reservation(RESERVATION_ID,PICK_UP,CODE,FARMACY_ID, show_up)values(50, '2021-09-08', 'S066X1D', 9, true);
insert into drugs_reserved(email, reservation_id) values('mstonmane@flickr.com',50);
insert into drug_reservation(RESERVATION_ID,PICK_UP,CODE,FARMACY_ID, show_up)values(51, '2021-09-12', 'T532X2', 4, false);
insert into drugs_reserved(email, reservation_id) values('bcoffey8@cmu.edu',51);
insert into drug_reservation(RESERVATION_ID,PICK_UP,CODE,FARMACY_ID, show_up)values(52, '2021-09-08', 'S499', 6, false);
insert into drugs_reserved(email, reservation_id) values('ddumbaref@theguardian.com',52);
insert into drug_reservation(RESERVATION_ID,PICK_UP,CODE,FARMACY_ID, show_up)values(53, '2021-09-08', 'M05219', 4, false);
insert into drugs_reserved(email, reservation_id) values('nlustedb@skyrock.com',53);
insert into drug_reservation(RESERVATION_ID,PICK_UP,CODE,FARMACY_ID, show_up)values(54, '2021-09-12', 'M05219', 8, false);
insert into drugs_reserved(email, reservation_id) values('kgriswooda@aol.com',54);
insert into drug_reservation(RESERVATION_ID,PICK_UP,CODE,FARMACY_ID, show_up)values(55, '2021-09-08', 'S499', 2, false);
insert into drugs_reserved(email, reservation_id) values('ddumbaref@theguardian.com',55);
insert into drug_reservation(RESERVATION_ID,PICK_UP,CODE,FARMACY_ID, show_up)values(56, '2021-09-12', 'S066X1D', 17, false);
insert into drugs_reserved(email, reservation_id) values('ecomberbeachd@netlog.com',56);
insert into drug_reservation(RESERVATION_ID,PICK_UP,CODE,FARMACY_ID, show_up)values(57, '2021-09-08', 'M05219', 1, false);
insert into drugs_reserved(email, reservation_id) values('gbaistowc@last.fm',57);









insert into promotion (promoid,promotion_text,starts_from,expires,farmacy_id) values(1, 'All antibiotics on 50%', '2021-09-10', '2021-09-15',1 );
insert into promotion (promoid,promotion_text,starts_from,expires,farmacy_id) values(2, 'All antihistemics on 50%', '2021-09-10', '2021-09-15',1 );
insert into promotion (promoid,promotion_text,starts_from,expires,farmacy_id) values(3, 'All antidepresivs on 20%', '2021-09-10', '2021-09-15',2 );
insert into promotion (promoid,promotion_text,starts_from,expires,farmacy_id) values(4, 'All syrups on 50%', '2021-09-10', '2021-09-15',2 );
insert into promotion (promoid,promotion_text,starts_from,expires,farmacy_id) values(5, 'All suplements on 30%', '2021-09-10', '2021-09-15',3 );

insert into farmacies_subs(email, farmacy_id) values ('acretney7@businessinsider.com',1);
insert into farmacies_subs(email, farmacy_id) values ('bcoffey8@cmu.edu',1);
insert into farmacies_subs(email, farmacy_id) values ('swilkie9@digg.com',1);
insert into farmacies_subs(email, farmacy_id) values ('kgriswooda@aol.com',1);
insert into farmacies_subs(email, farmacy_id) values ('nlustedb@skyrock.com',1);
insert into farmacies_subs(email, farmacy_id) values ('gbaistowc@last.fm',1);
insert into farmacies_subs(email, farmacy_id) values ('ecomberbeachd@netlog.com',1);
insert into farmacies_subs(email, farmacy_id) values ('mstonmane@flickr.com',1);
insert into farmacies_subs(email, farmacy_id) values ('ddumbaref@theguardian.com',1);
insert into farmacies_subs(email, farmacy_id) values ('cjancicg@mtv.com',1);
insert into farmacies_subs(email, farmacy_id) values ('cphidginh@amazonaws.com',1);
insert into farmacies_subs(email, farmacy_id) values ('stomaszczyki@themeforest.net',1);
insert into farmacies_subs(email, farmacy_id) values ('blistj@oracle.com',1);
insert into farmacies_subs(email, farmacy_id) values ('cparsandk@dmoz.org',1);
insert into farmacies_subs(email, farmacy_id) values ('lyeatmanm@amazon.co.jp',1);
insert into farmacies_subs(email, farmacy_id) values ('otitfordl@etsy.com',1);
insert into farmacies_subs(email, farmacy_id) values ('egattyp@umn.edu',1);
insert into farmacies_subs(email, farmacy_id) values ('mvarrowo@imdb.com',1);
insert into farmacies_subs(email, farmacy_id) values ('bconersn@w3.org',1);
insert into farmacies_subs(email, farmacy_id) values ('eduboisq@unesco.org',1);
insert into farmacies_subs(email, farmacy_id) values ('apumfreyr@theglobeandmail.com',2);
insert into farmacies_subs(email, farmacy_id) values ('gbusseys@canalblog.com',2);
insert into farmacies_subs(email, farmacy_id) values ('mvarrowo@imdb.com',2);
insert into farmacies_subs(email, farmacy_id) values ('egattyp@umn.edu',2);
insert into farmacies_subs(email, farmacy_id) values ('stomaszczyki@themeforest.net',2);
insert into farmacies_subs(email, farmacy_id) values ('mstonmane@flickr.com',2);
insert into farmacies_subs(email, farmacy_id) values ('ddumbaref@theguardian.com',2);
insert into farmacies_subs(email, farmacy_id) values ('otitfordl@etsy.com',2);
insert into farmacies_subs(email, farmacy_id) values ('cjancicg@mtv.com',2);
insert into farmacies_subs(email, farmacy_id) values ('cjancicg@mtv.com',3);
insert into farmacies_subs(email, farmacy_id) values ('otitfordl@etsy.com',3);
insert into farmacies_subs(email, farmacy_id) values ('ddumbaref@theguardian.com',3);
insert into farmacies_subs(email, farmacy_id) values ('mstonmane@flickr.com',3);
insert into farmacies_subs(email, farmacy_id) values ('stomaszczyki@themeforest.net',3);
insert into farmacies_subs(email, farmacy_id) values ('stomaszczyki@themeforest.net',3);



insert into supplier (email, name, surname, adress, city, state, phone_num) values ('jovana.jelisavcic95@gmail.com', 'Cornell', 'Jayme', '494 Harper Park', 'Businovo', 'Russia', '672-670-6543');
insert into supplier (email, name, surname, adress, city, state, phone_num) values ('petarv7@gmail.com', 'Cornell', 'Petar', '494 Harper Park', 'Businovo', 'Russia', '672-670-6543');


insert into purchase_order(order_id, expiration,status,email) values(1, '2021-08-21T12:00:00', 'DONE', 'erumbold0@usa.gov');
insert into item_qty(order_id, code, qty) values(1, 'T550X3', 100);
insert into item_qty(order_id, code, qty) values(1, 'S499', 100);
insert into item_qty(order_id, code, qty) values(1, 'H4043X2', 100);
insert into item_qty(order_id, code, qty) values(1, 'M4004', 100);


insert into offer(offerid, deadline, price,status,orderid, email) values(1, '2021-12-12T12:00:00', 1500, 'ACCEPTED', 1, 'jovana.jelisavcic95@gmail.com');
insert into offer(offerid, deadline, price,status,orderid, email) values(2, '2021-12-12T14:00:00', 1480, 'NOT_ACCEPTED', 1, 'petarv7@gmail.com');



insert into purchase_order(order_id, expiration,status,email) values(2, '2021-08-14T12:00:00', 'WAITS_FOR_CHOICE', 'cboniface1@about.me');
insert into item_qty(order_id, code, qty) values(2, 'S499', 100);
insert into item_qty(order_id, code, qty) values(2, 'H4043X2', 100);
insert into item_qty(order_id, code, qty) values(2, 'T474X4A', 100);

insert into offer(offerid, deadline, price,status,orderid, email) values(3, '2021-12-12T12:00:00', 1800, 'WAITING', 2, 'jovana.jelisavcic95@gmail.com');
insert into offer(offerid, deadline, price,status,orderid, email) values(4, '2021-12-12T14:00:00', 1820, 'WAITING', 2, 'petarv7@gmail.com');

insert into purchase_order(order_id, expiration,status,email) values(3, '2021-09-26T12:00:00', 'WAITS_FOR_OFFER', 'bhellin2@gravatar.com');
insert into item_qty(order_id, code, qty) values(3, 'A485', 100);
insert into item_qty(order_id, code, qty) values(3, 'T550X3', 100);
insert into item_qty(order_id, code, qty) values(3, 'T81522A', 100);




insert into rating(RATING_ID,RATING_STARS,SUBJECT,SUBJECT_ID,EMAIL) values(1,4,'FARMACY','2','gbaistowc@last.fm');
insert into rating(RATING_ID,RATING_STARS,SUBJECT,SUBJECT_ID,EMAIL) values(2,3,'FARMACY','12','gbaistowc@last.fm');
insert into rating(RATING_ID,RATING_STARS,SUBJECT,SUBJECT_ID,EMAIL) values(3,2,'FARMACY','13','gbaistowc@last.fm');
insert into rating(RATING_ID,RATING_STARS,SUBJECT,SUBJECT_ID,EMAIL) values(4,5,'FARMACY','16','gbaistowc@last.fm');
insert into rating(RATING_ID,RATING_STARS,SUBJECT,SUBJECT_ID,EMAIL) values(5,4,'DERMATOLOGIST','somulderrigf@over-blog.com','gbaistowc@last.fm');
insert into rating(RATING_ID,RATING_STARS,SUBJECT,SUBJECT_ID,EMAIL) values(6,4,'PHARMACIST','lcreeber1@google.de','gbaistowc@last.fm');
insert into rating(RATING_ID,RATING_STARS,SUBJECT,SUBJECT_ID,EMAIL) values(7,3,'PHARMACY','6','cjancicg@mtv.com');
insert into rating(RATING_ID,RATING_STARS,SUBJECT,SUBJECT_ID,EMAIL) values(8,4,'PHARMACY','7','cjancicg@mtv.com');
insert into rating(RATING_ID,RATING_STARS,SUBJECT,SUBJECT_ID,EMAIL) values(9,4,'PHARMACY','8','cjancicg@mtv.com');
insert into rating(RATING_ID,RATING_STARS,SUBJECT,SUBJECT_ID,EMAIL) values(10,4,'DERMATOLOGIST','graatz5@tuttocitta.it','cjancicg@mtv.com');
insert into rating(RATING_ID,RATING_STARS,SUBJECT,SUBJECT_ID,EMAIL) values(11,4,'DERMATOLOGIST','ablant6@bigcartel.com','cjancicg@mtv.com');
insert into rating(RATING_ID,RATING_STARS,SUBJECT,SUBJECT_ID,EMAIL) values(12,4,'DERMATOLOGIST','mmilksop7@devhub.com','cjancicg@mtv.com');
insert into rating(RATING_ID,RATING_STARS,SUBJECT,SUBJECT_ID,EMAIL) values(13,3,'PHARMACY','1','stomaszczyki@themeforest.net');
insert into rating(RATING_ID,RATING_STARS,SUBJECT,SUBJECT_ID,EMAIL) values(14,4,'PHARMACY','2','stomaszczyki@themeforest.net');
insert into rating(RATING_ID,RATING_STARS,SUBJECT,SUBJECT_ID,EMAIL) values(15,4,'PHARMACY','5','stomaszczyki@themeforest.net');
insert into rating(RATING_ID,RATING_STARS,SUBJECT,SUBJECT_ID,EMAIL) values(16,5,'DERMATOLOGIST','wrobarts0@privacy.gov.au','stomaszczyki@themeforest.net');


insert into complaint(COMPLAINT_ID,COMPLAINT_TEXT,RESPONDED,SUBJECT,SUBJECT_ID,EMAIL) values (1, 'He was very rude to me, also rasist', true, 'PHARMACIST', 'ulago4@vimeo.com', 'cparsandk@dmoz.org');
insert into complaint(COMPLAINT_ID,COMPLAINT_TEXT,RESPONDED,SUBJECT,SUBJECT_ID,EMAIL) values (2, 'Unprofesional', false, 'DERMATOLOGIST', 'ablant6@bigcartel.com', 'cjancicg@mtv.com');
insert into complaint(COMPLAINT_ID,COMPLAINT_TEXT,RESPONDED,SUBJECT,SUBJECT_ID,EMAIL) values (3, 'Very bad hygene', false, 'FARMACY', 1, 'acretney7@businessinsider.com');
insert into complaint(COMPLAINT_ID,COMPLAINT_TEXT,RESPONDED,SUBJECT,SUBJECT_ID,EMAIL) values (4, 'He was very rude to me, also rasist', false, 'PHARMACIST', 'eofairy5@mac.com', 'bconersn@w3.org');
insert into complaint(COMPLAINT_ID,COMPLAINT_TEXT,RESPONDED,SUBJECT,SUBJECT_ID,EMAIL) values (5, 'Unprofesional', true, 'DERMATOLOGIST', 'msnoxell9@prweb.com', 'ddumbaref@theguardian.com');
insert into complaint(COMPLAINT_ID,COMPLAINT_TEXT,RESPONDED,SUBJECT,SUBJECT_ID,EMAIL) values (6, 'Very bad hygene', false, 'FARMACY', 6, 'gbaistowc@last.fm');




insert into reset_date(id, last_reset) values (1,'2021-09-01');


