insert into users (user_id,username, password, enabled) values (1,'vleathley0@fastcompany.com', '$2a$10$Fh4qeAY.sD6A/BdTBl8g6e5iYh8scygIZcAbT1iUpisI.qHhYdgR2', true);
insert into users (user_id,username, password, enabled) values (2,'gmilesop1@house.gov', '$2a$10$Fh4qeAY.sD6A/BdTBl8g6e5iYh8scygIZcAbT1iUpisI.qHhYdgR2', true);
insert into users (user_id,username, password, enabled) values (3,'ggullefant2@princeton.edu', '$2a$10$Fh4qeAY.sD6A/BdTBl8g6e5iYh8scygIZcAbT1iUpisI.qHhYdgR2', true);
insert into users (user_id,username, password, enabled) values (4,'wvanmerwe3@ihg.com', '$2a$10$Fh4qeAY.sD6A/BdTBl8g6e5iYh8scygIZcAbT1iUpisI.qHhYdgR2', true);
insert into users (user_id,username, password, enabled) values (5,'abawdon4@themeforest.net', '$2a$10$Fh4qeAY.sD6A/BdTBl8g6e5iYh8scygIZcAbT1iUpisI.qHhYdgR2', true);
insert into users (user_id,username, password, enabled) values (6,'kjeenes5@mlb.com', '$2a$10$Fh4qeAY.sD6A/BdTBl8g6e5iYh8scygIZcAbT1iUpisI.qHhYdgR2', true);
insert into users (user_id,username, password, enabled) values (7,'earrow6@hao123.com', '$2a$10$Fh4qeAY.sD6A/BdTBl8g6e5iYh8scygIZcAbT1iUpisI.qHhYdgR2', true);
insert into users (user_id,username, password, enabled) values (8,'acretney7@businessinsider.com', '$2a$10$Fh4qeAY.sD6A/BdTBl8g6e5iYh8scygIZcAbT1iUpisI.qHhYdgR2', true);
insert into users (user_id,username, password, enabled) values (9,'bcoffey8@cmu.edu', '$2a$10$Fh4qeAY.sD6A/BdTBl8g6e5iYh8scygIZcAbT1iUpisI.qHhYdgR2', true);
insert into users (user_id,username, password, enabled) values (10,'swilkie9@digg.com', '$2a$10$Fh4qeAY.sD6A/BdTBl8g6e5iYh8scygIZcAbT1iUpisI.qHhYdgR2', true);
insert into users (user_id,username, password, enabled) values (11,'kgriswooda@aol.com', '$2a$10$Fh4qeAY.sD6A/BdTBl8g6e5iYh8scygIZcAbT1iUpisI.qHhYdgR2', true);
insert into users (user_id,username, password, enabled) values (12,'nlustedb@skyrock.com', '$2a$10$Fh4qeAY.sD6A/BdTBl8g6e5iYh8scygIZcAbT1iUpisI.qHhYdgR2', true);
insert into users (user_id,username, password, enabled) values (13,'gbaistowc@last.fm', '$2a$10$Fh4qeAY.sD6A/BdTBl8g6e5iYh8scygIZcAbT1iUpisI.qHhYdgR2', true);
insert into users (user_id,username, password, enabled) values (14,'ecomberbeachd@netlog.com', '$2a$10$Fh4qeAY.sD6A/BdTBl8g6e5iYh8scygIZcAbT1iUpisI.qHhYdgR2', true);
insert into users (user_id,username, password, enabled) values (15,'mstonmane@flickr.com', '$2a$10$Fh4qeAY.sD6A/BdTBl8g6e5iYh8scygIZcAbT1iUpisI.qHhYdgR2', true);
insert into users (user_id,username, password, enabled) values (16,'ddumbaref@theguardian.com', '$2a$10$Fh4qeAY.sD6A/BdTBl8g6e5iYh8scygIZcAbT1iUpisI.qHhYdgR2', true);
insert into users (user_id,username, password, enabled) values (17,'cjancicg@mtv.com', '$2a$10$Fh4qeAY.sD6A/BdTBl8g6e5iYh8scygIZcAbT1iUpisI.qHhYdgR2', true);
insert into users (user_id,username, password, enabled) values (18,'cphidginh@amazonaws.com', '$2a$10$Fh4qeAY.sD6A/BdTBl8g6e5iYh8scygIZcAbT1iUpisI.qHhYdgR2', true);
insert into users (user_id,username, password, enabled) values (19,'stomaszczyki@themeforest.net', '$2a$10$Fh4qeAY.sD6A/BdTBl8g6e5iYh8scygIZcAbT1iUpisI.qHhYdgR2', true);
insert into users (user_id,username, password, enabled) values (20,'blistj@oracle.com', '$2a$10$Fh4qeAY.sD6A/BdTBl8g6e5iYh8scygIZcAbT1iUpisI.qHhYdgR2', true);
insert into users (user_id,username, password, enabled) values (21,'cparsandk@dmoz.org', '$2a$10$Fh4qeAY.sD6A/BdTBl8g6e5iYh8scygIZcAbT1iUpisI.qHhYdgR2', true);
insert into users (user_id,username, password, enabled) values (22,'otitfordl@etsy.com', '$2a$10$Fh4qeAY.sD6A/BdTBl8g6e5iYh8scygIZcAbT1iUpisI.qHhYdgR2', true);
insert into users (user_id,username, password, enabled) values (23,'lyeatmanm@amazon.co.jp', '$2a$10$Fh4qeAY.sD6A/BdTBl8g6e5iYh8scygIZcAbT1iUpisI.qHhYdgR2', true);
insert into users (user_id,username, password, enabled) values (24,'bconersn@w3.org', '$2a$10$Fh4qeAY.sD6A/BdTBl8g6e5iYh8scygIZcAbT1iUpisI.qHhYdgR2', true);
insert into users (user_id,username, password, enabled) values (25,'mvarrowo@imdb.com', '$2a$10$Fh4qeAY.sD6A/BdTBl8g6e5iYh8scygIZcAbT1iUpisI.qHhYdgR2', true);
insert into users (user_id,username, password, enabled) values (26,'egattyp@umn.edu', '$2a$10$Fh4qeAY.sD6A/BdTBl8g6e5iYh8scygIZcAbT1iUpisI.qHhYdgR2', true);
insert into users (user_id,username, password, enabled) values (27,'eduboisq@unesco.org', '$2a$10$Fh4qeAY.sD6A/BdTBl8g6e5iYh8scygIZcAbT1iUpisI.qHhYdgR2', true);
insert into users (user_id,username, password, enabled) values (28,'apumfreyr@theglobeandmail.com', '$2a$10$Fh4qeAY.sD6A/BdTBl8g6e5iYh8scygIZcAbT1iUpisI.qHhYdgR2', true);
insert into users (user_id,username, password, enabled) values (29,'gbusseys@canalblog.com', '$2a$10$Fh4qeAY.sD6A/BdTBl8g6e5iYh8scygIZcAbT1iUpisI.qHhYdgR2', true);
insert into users (user_id,username, password, enabled) values (30,'kellert@cbsnews.com', '$2a$10$Fh4qeAY.sD6A/BdTBl8g6e5iYh8scygIZcAbT1iUpisI.qHhYdgR2', true);

INSERT INTO roles(name) VALUES('FARMACY_ADMIN');
INSERT INTO roles(name) VALUES('SYS_ADMIN');
INSERT INTO roles(name) VALUES('PATIENT');

insert into USER_ROLES(user_id, role_id) values(1, 1);
insert into USER_ROLES(user_id, role_id) values(1, 2);
insert into USER_ROLES(user_id, role_id) values(1, 3);
insert into USER_ROLES(user_id, role_id) values(2, 2);
insert into USER_ROLES(user_id, role_id) values(3, 3);
insert into USER_ROLES(user_id, role_id) values(4, 3);
insert into USER_ROLES(user_id, role_id) values(5, 3);
insert into USER_ROLES(user_id, role_id) values(6, 3);
insert into USER_ROLES(user_id, role_id) values(7, 3);
insert into USER_ROLES(user_id, role_id) values(8, 3);
insert into USER_ROLES(user_id, role_id) values(9, 3);
insert into USER_ROLES(user_id, role_id) values(10, 3);
insert into USER_ROLES(user_id, role_id) values(11, 3);
insert into USER_ROLES(user_id, role_id) values(12, 3);
insert into USER_ROLES(user_id, role_id) values(13, 3);
insert into USER_ROLES(user_id, role_id) values(14, 3);
insert into USER_ROLES(user_id, role_id) values(15, 3);
insert into USER_ROLES(user_id, role_id) values(16, 3);
insert into USER_ROLES(user_id, role_id) values(17, 3);
insert into USER_ROLES(user_id, role_id) values(18, 3);
insert into USER_ROLES(user_id, role_id) values(19, 3);
insert into USER_ROLES(user_id, role_id) values(20, 3);
insert into USER_ROLES(user_id, role_id) values(21, 3);
insert into USER_ROLES(user_id, role_id) values(22, 3);
insert into USER_ROLES(user_id, role_id) values(23, 3);
insert into USER_ROLES(user_id, role_id) values(24, 3);
insert into USER_ROLES(user_id, role_id) values(25, 3);
insert into USER_ROLES(user_id, role_id) values(26, 3);
insert into USER_ROLES(user_id, role_id) values(27, 3);
insert into USER_ROLES(user_id, role_id) values(28, 3);
insert into USER_ROLES(user_id, role_id) values(29, 3);
insert into USER_ROLES(user_id, role_id) values(30, 3);



insert into patient (email, name, surname, adress, city, state, phone_num) values ('vleathley0@fastcompany.com', 'Ashbey', 'Renshall', '88 Autumn Leaf Center', 'Bankaw', 'Philippines', '132-261-1267');
insert into patient (email, name, surname, adress, city, state, phone_num) values ('ggullefant2@princeton.edu', 'Dunc', 'Wallsworth', '5 Eastlawn Crossing', 'Kerema', 'Papua New Guinea', '152-374-6607');
insert into patient (email, name, surname, adress, city, state, phone_num) values ('wvanmerwe3@ihg.com', 'Timmy', 'Simioli', '8466 Crowley Terrace', 'Xingang', 'China', '457-250-5110');
insert into patient (email, name, surname, adress, city, state, phone_num) values ('abawdon4@themeforest.net', 'Blayne', 'Setford', '75 Manufacturers Center', 'Quimper', 'France', '738-576-8969');
insert into patient (email, name, surname, adress, city, state, phone_num) values ('kjeenes5@mlb.com', 'Kerstin', 'O''Brien', '893 Waubesa Trail', 'Dar Chabanne', 'Tunisia', '176-430-6971');
insert into patient (email, name, surname, adress, city, state, phone_num) values ('earrow6@hao123.com', 'Cordi', 'Itzig', '462 Jay Parkway', 'Maloye Verevo', 'Russia', '604-969-0989');
insert into patient (email, name, surname, adress, city, state, phone_num) values ('acretney7@businessinsider.com', 'Antin', 'Vuitton', '8 Mayfield Road', 'Hīsh', 'Syria', '627-651-4290');
insert into patient (email, name, surname, adress, city, state, phone_num) values ('bcoffey8@cmu.edu', 'Alleen', 'Carabet', '85 Rowland Alley', 'Taoyuan', 'China', '307-249-1188');
insert into patient (email, name, surname, adress, city, state, phone_num) values ('swilkie9@digg.com', 'Ariela', 'Angel', '529 Spohn Alley', 'Kabor', 'Indonesia', '407-853-9057');
insert into patient (email, name, surname, adress, city, state, phone_num) values ('kgriswooda@aol.com', 'Rodrique', 'Rudman', '634 Golf Course Crossing', 'Gandekan', 'Indonesia', '833-691-1487');
insert into patient (email, name, surname, adress, city, state, phone_num) values ('nlustedb@skyrock.com', 'Gottfried', 'Tutchell', '05420 Tomscot Drive', 'Prior Velho', 'Portugal', '252-676-2335');
insert into patient (email, name, surname, adress, city, state, phone_num) values ('gbaistowc@last.fm', 'Ardis', 'Carlan', '28136 American Ash Park', 'Pordapor Barat', 'Indonesia', '699-530-0466');
insert into patient (email, name, surname, adress, city, state, phone_num) values ('ecomberbeachd@netlog.com', 'Zorine', 'Dutson', '2 Dorton Plaza', 'Sukadana', 'Indonesia', '151-433-4118');
insert into patient (email, name, surname, adress, city, state, phone_num) values ('mstonmane@flickr.com', 'Ceciley', 'Hinks', '22709 Village Green Center', 'Gonghe', 'China', '683-824-9941');
insert into patient (email, name, surname, adress, city, state, phone_num) values ('ddumbaref@theguardian.com', 'Jeramey', 'Haddeston', '2185 Village Green Court', 'Penza', 'Russia', '989-388-9222');
insert into patient (email, name, surname, adress, city, state, phone_num) values ('cjancicg@mtv.com', 'Aurthur', 'Bere', '1504 Continental Hill', 'Atambua', 'Indonesia', '535-367-2584');
insert into patient (email, name, surname, adress, city, state, phone_num) values ('cphidginh@amazonaws.com', 'Kathi', 'Abeau', '13 Hintze Avenue', 'Ribeira', 'Portugal', '169-930-3361');
insert into patient (email, name, surname, adress, city, state, phone_num) values ('stomaszczyki@themeforest.net', 'Sibelle', 'Shapira', '33 Southridge Drive', 'Colatina', 'Brazil', '414-163-5653');
insert into patient (email, name, surname, adress, city, state, phone_num) values ('blistj@oracle.com', 'Langston', 'Demogeot', '61 Buena Vista Crossing', 'Sassandra', 'Ivory Coast', '162-413-2217');
insert into patient (email, name, surname, adress, city, state, phone_num) values ('cparsandk@dmoz.org', 'Lorens', 'Stopford', '9 Maryland Drive', 'Pakemitan', 'Indonesia', '270-645-6270');
insert into patient (email, name, surname, adress, city, state, phone_num) values ('otitfordl@etsy.com', 'Renee', 'Knottley', '04 Dorton Alley', 'Tsirang', 'Bhutan', '162-317-8727');
insert into patient (email, name, surname, adress, city, state, phone_num) values ('lyeatmanm@amazon.co.jp', 'Janella', 'Brewerton', '68 Namekagon Park', 'Lowotukan', 'Indonesia', '897-934-3264');
insert into patient (email, name, surname, adress, city, state, phone_num) values ('bconersn@w3.org', 'Carlynne', 'Bandiera', '69 Weeping Birch Crossing', 'Stěbořice', 'Czech Republic', '134-486-4468');
insert into patient (email, name, surname, adress, city, state, phone_num) values ('mvarrowo@imdb.com', 'Hogan', 'Reynish', '7113 Twin Pines Lane', 'Karangjaladri', 'Indonesia', '446-491-9928');
insert into patient (email, name, surname, adress, city, state, phone_num) values ('egattyp@umn.edu', 'Alyson', 'Matveichev', '89656 South Point', 'Göteborg', 'Sweden', '165-454-0617');
insert into patient (email, name, surname, adress, city, state, phone_num) values ('eduboisq@unesco.org', 'Harris', 'Cristofor', '22919 Express Road', 'Gornorechenskiy', 'Russia', '382-233-2198');
insert into patient (email, name, surname, adress, city, state, phone_num) values ('apumfreyr@theglobeandmail.com', 'Gerard', 'Fruchon', '304 Westridge Parkway', 'Siaton', 'Philippines', '176-565-9371');
insert into patient (email, name, surname, adress, city, state, phone_num) values ('gbusseys@canalblog.com', 'Jodie', 'Flahy', '2 Thackeray Lane', 'Dangmu', 'China', '684-507-7680');
insert into patient (email, name, surname, adress, city, state, phone_num) values ('kellert@cbsnews.com', 'Axel', 'McVanamy', '17902 Farwell Trail', 'Delmiro Gouveia', 'Brazil', '974-212-1856');
insert into sys_admin (email, name, surname, adress, city, state, phone_num) values ('gmilesop1@house.gov', 'Cornell', 'Jayme', '494 Harper Park', 'Businovo', 'Russia', '672-670-6543');






insert into FARMACY (farmacy_id, adress, name, stars, description) values (1, '179 Fieldstone Lane, Uzice', 'Redunca redunca', 2.3, 'Placed in busy place, works all the time');
insert into FARMACY (farmacy_id, adress, name, stars, description) values (2, '3487 Hauk Junction, Uzice', 'Antechinus flavipes', 3.6, 'Placed in busy place, works all the time');
insert into FARMACY (farmacy_id, adress, name, stars, description) values (3, '9094 Lerdahl Drive, Beograd', 'Castor canadensis', 2.5, 'Placed in busy place, works all the time');
insert into FARMACY (farmacy_id, adress, name, stars, description) values (4, '18226 Anniversary Point, Vranje', 'Phalaropus fulicarius', 4.8, 'Placed in busy place, works all the time');
insert into FARMACY (farmacy_id, adress, name, stars, description) values (5, '1 Meadow Valley Road, Pirot', 'Gazella thompsonii', 2.4, 'Placed in busy place, works all the time');
insert into FARMACY (farmacy_id, adress, name, stars, description) values (6, '140 Farmco Lane, Pirot', 'Estrilda erythronotos', 1.1, 'Placed in busy place, works all the time');
insert into FARMACY (farmacy_id, adress, name, stars, description) values (7, '9 Little Fleur Alley, Leskovac', 'Uraeginthus angolensis', 3.6, 'Placed in busy place, works all the time');
insert into FARMACY (farmacy_id, adress, name, stars, description) values (8, '31 Brickson Park Center, Vranje', 'Macropus parryi', 4.5, 'Placed in busy place, works all the time');
insert into FARMACY (farmacy_id, adress, name, stars, description) values (9, '36321 Maple Hill, Uzice', 'Naja nivea', 3.6, 'Placed in busy place, works all the time');
insert into FARMACY (farmacy_id, adress, name, stars, description) values (10, '7275 Gerald Plaza, Beograd', 'Paraxerus cepapi', 3.7, 'Placed in busy place, works all the time');
insert into FARMACY (farmacy_id, adress, name, stars, description) values (11, '31 East Hill, Beograd', 'Dolichitus patagonum', 4.2, 'Placed in busy place, works all the time');
insert into FARMACY (farmacy_id, adress, name, stars, description) values (12, '91678 Autumn Leaf Road, Beograd', 'Spermophilus armatus', 4.9, 'Placed in busy place, works all the time');
insert into FARMACY (farmacy_id, adress, name, stars, description) values (13, '6038 Sycamore Avenue, Uzice', 'Pelecans onocratalus', 1.4, 'Placed in busy place, works all the time');
insert into FARMACY (farmacy_id, adress, name, stars, description) values (14, '9 Center Alley, Vranje', 'Colobus guerza', 4.1, 'Placed in busy place, works all the time');
insert into FARMACY (farmacy_id, adress, name, stars, description) values (15, '4661 Elmside Lane, Pirot', 'Casmerodius albus', 3.3, 'Placed in busy place, works all the time');
insert into FARMACY (farmacy_id, adress, name, stars, description) values (16, '4554 Debs Hill, Uzice', 'Sciurus vulgaris', 1.9, 'Placed in busy place, works all the time');
insert into FARMACY (farmacy_id, adress, name, stars, description) values (17, '0 Farwell Street, Beograd', 'Corvus albus', 1.5, 'Placed in busy place, works all the time');
insert into FARMACY (farmacy_id, adress, name, stars, description) values (18, '371 Village Trail, Novi Sad', 'Acrantophis madagascariensis', 4.4, 'Placed in busy place, works all the time');
insert into FARMACY (farmacy_id, adress, name, stars, description) values (19, '19 Heath Parkway, Novi Sad', 'Ninox superciliaris', 3.0, 'Placed in busy place, works all the time');
insert into FARMACY (farmacy_id, adress, name, stars, description) values (20, '074 Division Hill, Novi Sad', 'Thylogale stigmatica', 1.3, 'Placed in busy place, works all the time');


insert into farmacy_admin (email, name, surname, adress, city, state, phone_num, farmacy_id) values ('vleathley0@fastcompany.com', 'Cornell', 'Jayme', '494 Harper Park', 'Businovo', 'Russia', '672-670-6543', 1);



insert into DRUG (code, name, TYPE, PRESCRIPTION_METRICS, composition, CONTRAINDICATIONS) values ('S90465', 'TAZORAC', 'ANTIBIOTIC', 'Aenean sit amet justo.', 'Proin leo odio, porttitor id, consequat in, consequat ut, nulla. Sed accumsan felis. Ut at dolor quis odio consequat varius.

Integer ac leo. Pellentesque ultrices mattis odio. Donec vitae nisi.', 'Etiam vel augue. Vestibulum rutrum rutrum neque. Aenean auctor gravida sem.');
insert into DRUG (code, name, TYPE, PRESCRIPTION_METRICS, composition, CONTRAINDICATIONS) values ('T474X4A', 'CARBON DIOXIDE', 'ANTIBIOTIC', 'Nullam sit amet turpis elementum ligula vehicula consequat.', 'Donec diam neque, vestibulum eget, vulputate ut, ultrices vel, augue. Vestibulum ante ipsum primis in faucibus orci luctus et ultrices posuere cubilia Curae; Donec pharetra, magna vestibulum aliquet ultrices, erat tortor sollicitudin mi, sit amet lobortis sapien sapien non mi. Integer ac neque.

Duis bibendum. Morbi non quam nec dui luctus rutrum. Nulla tellus.', 'Integer tincidunt ante vel ipsum. Praesent blandit lacinia erat. Vestibulum sed magna at nunc commodo placerat.

Praesent blandit. Nam nulla. Integer pede justo, lacinia eget, tincidunt eget, tempus vel, pede.

Morbi porttitor lorem id ligula. Suspendisse ornare consequat lectus. In est risus, auctor sed, tristique in, tempus sit amet, sem.

Fusce consequat. Nulla nisl. Nunc nisl.');
insert into DRUG (code, name, TYPE, PRESCRIPTION_METRICS, composition, CONTRAINDICATIONS) values ('M1215', 'Avon Sun Sport', 'ANTIBIOTIC', 'Sed accumsan felis.', 'Integer tincidunt ante vel ipsum. Praesent blandit lacinia erat. Vestibulum sed magna at nunc commodo placerat.', 'Nam ultrices, libero non mattis pulvinar, nulla pede ullamcorper augue, a suscipit nulla elit ac nulla. Sed vel enim sit amet nunc viverra dapibus. Nulla suscipit ligula in lacus.

Curabitur at ipsum ac tellus semper interdum. Mauris ullamcorper purus sit amet nulla. Quisque arcu libero, rutrum ac, lobortis vel, dapibus at, diam.');
insert into DRUG (code, name, TYPE, PRESCRIPTION_METRICS, composition, CONTRAINDICATIONS) values ('S61207S', 'Doxepin Hydrochloride', 'ANTIBIOTIC', 'Nam ultrices, libero non mattis pulvinar, nulla pede ullamcorper augue, a suscipit nulla elit ac nulla.', 'Sed ante. Vivamus tortor. Duis mattis egestas metus.

Aenean fermentum. Donec ut mauris eget massa tempor convallis. Nulla neque libero, convallis eget, eleifend luctus, ultricies eu, nibh.', 'Duis consequat dui nec nisi volutpat eleifend. Donec ut dolor. Morbi vel lectus in quam fringilla rhoncus.');
insert into DRUG (code, name, TYPE, PRESCRIPTION_METRICS, composition, CONTRAINDICATIONS) values ('T81522A', 'Stratuscare Antacid And Antigas', 'ANTIBIOTIC', 'Nulla suscipit ligula in lacus.',  'Aenean lectus. Pellentesque eget nunc. Donec quis orci eget orci vehicula condimentum.

Curabitur in libero ut massa volutpat convallis. Morbi odio odio, elementum eu, interdum eu, tincidunt in, leo. Maecenas pulvinar lobortis est.', 'Praesent blandit. Nam nulla. Integer pede justo, lacinia eget, tincidunt eget, tempus vel, pede.

Morbi porttitor lorem id ligula. Suspendisse ornare consequat lectus. In est risus, auctor sed, tristique in, tempus sit amet, sem.

Fusce consequat. Nulla nisl. Nunc nisl.

Duis bibendum, felis sed interdum venenatis, turpis enim blandit mi, in porttitor pede justo eu massa. Donec dapibus. Duis at velit eu est congue elementum.');
insert into DRUG (code, name, TYPE, PRESCRIPTION_METRICS, composition, CONTRAINDICATIONS) values ('A485', 'Triple Antibiotic Plus Pain Relief', 'ANESTHETIC', 'Cras in purus eu magna vulputate luctus.', 'Sed ante. Vivamus tortor. Duis mattis egestas metus.

Aenean fermentum. Donec ut mauris eget massa tempor convallis. Nulla neque libero, convallis eget, eleifend luctus, ultricies eu, nibh.', 'Cras mi pede, malesuada in, imperdiet et, commodo vulputate, justo. In blandit ultrices enim. Lorem ipsum dolor sit amet, consectetuer adipiscing elit.');
insert into DRUG (code, name, TYPE, PRESCRIPTION_METRICS, composition, CONTRAINDICATIONS) values ('S11014D', 'Depo-Provera', 'ANESTHETIC', 'Nulla tellus.','Cras mi pede, malesuada in, imperdiet et, commodo vulputate, justo. In blandit ultrices enim. Lorem ipsum dolor sit amet, consectetuer adipiscing elit.', 'Nullam porttitor lacus at turpis. Donec posuere metus vitae ipsum. Aliquam non mauris.

Morbi non lectus. Aliquam sit amet diam in magna bibendum imperdiet. Nullam orci pede, venenatis non, sodales sed, tincidunt eu, felis.

Fusce posuere felis sed lacus. Morbi sem mauris, laoreet ut, rhoncus aliquet, pulvinar sed, nisl. Nunc rhoncus dui vel sem.

Sed sagittis. Nam congue, risus semper porta volutpat, quam pede lobortis ligula, sit amet eleifend pede libero quis orci. Nullam molestie nibh in lectus.');
insert into DRUG (code, name, TYPE, PRESCRIPTION_METRICS, composition, CONTRAINDICATIONS) values ('S93312D', 'Mucinex Fast-Max', 'ANESTHETIC', 'Phasellus sit amet erat.',  'Praesent blandit. Nam nulla. Integer pede justo, lacinia eget, tincidunt eget, tempus vel, pede.', 'Quisque id justo sit amet sapien dignissim vestibulum. Vestibulum ante ipsum primis in faucibus orci luctus et ultrices posuere cubilia Curae; Nulla dapibus dolor vel est. Donec odio justo, sollicitudin ut, suscipit a, feugiat et, eros.');
insert into DRUG (code, name, TYPE, PRESCRIPTION_METRICS, composition, CONTRAINDICATIONS) values ('H02134', 'Arthritis Relief', 'ANESTHETIC', 'Sed ante.', 'Quisque porta volutpat erat. Quisque erat eros, viverra eget, congue eget, semper rutrum, nulla. Nunc purus.

Phasellus in felis. Donec semper sapien a libero. Nam dui.', 'Nullam sit amet turpis elementum ligula vehicula consequat. Morbi a ipsum. Integer a nibh.');
insert into DRUG (code, name, TYPE, PRESCRIPTION_METRICS, composition, CONTRAINDICATIONS) values ('H4043X2', 'Vitamin A D', 'ANESTHETIC', 'Donec odio justo, sollicitudin ut, suscipit a, feugiat et, eros.', 'Vestibulum quam sapien, varius ut, blandit non, interdum in, ante. Vestibulum ante ipsum primis in faucibus orci luctus et ultrices posuere cubilia Curae; Duis faucibus accumsan odio. Curabitur convallis.

Duis consequat dui nec nisi volutpat eleifend. Donec ut dolor. Morbi vel lectus in quam fringilla rhoncus.', 'Maecenas leo odio, condimentum id, luctus nec, molestie sed, justo. Pellentesque viverra pede ac diam. Cras pellentesque volutpat dui.

Maecenas tristique, est et tempus semper, est quam pharetra magna, ac consequat metus sapien ut nunc. Vestibulum ante ipsum primis in faucibus orci luctus et ultrices posuere cubilia Curae; Mauris viverra diam vitae quam. Suspendisse potenti.');
insert into DRUG (code, name, TYPE, PRESCRIPTION_METRICS, composition, CONTRAINDICATIONS) values ('M05219', 'Nutropin AQ NuSpin 10', 'ANTIHISTAMINE', 'Vestibulum ante ipsum primis in faucibus orci luctus et ultrices posuere cubilia Curae; Nulla dapibus dolor vel est.', 'Lorem ipsum dolor sit amet, consectetuer adipiscing elit. Proin risus. Praesent lectus.

Vestibulum quam sapien, varius ut, blandit non, interdum in, ante. Vestibulum ante ipsum primis in faucibus orci luctus et ultrices posuere cubilia Curae; Duis faucibus accumsan odio. Curabitur convallis.', 'Phasellus in felis. Donec semper sapien a libero. Nam dui.');
insert into DRUG (code, name, TYPE, PRESCRIPTION_METRICS, composition, CONTRAINDICATIONS) values ('S066X1D', 'COUGH AND COLD KIDS RELIEF', 'ANTIHISTAMINE', 'Nam dui.', 'Aliquam quis turpis eget elit sodales scelerisque. Mauris sit amet eros. Suspendisse accumsan tortor quis turpis.

Sed ante. Vivamus tortor. Duis mattis egestas metus.', 'Maecenas ut massa quis augue luctus tincidunt. Nulla mollis molestie lorem. Quisque ut erat.

Curabitur gravida nisi at nibh. In hac habitasse platea dictumst. Aliquam augue quam, sollicitudin vitae, consectetuer eget, rutrum at, lorem.');
insert into DRUG (code, name, TYPE, PRESCRIPTION_METRICS, composition, CONTRAINDICATIONS) values ('S499', 'Gyno Complex', 'ANTIHISTAMINE', 'Integer non velit.',  'Praesent blandit. Nam nulla. Integer pede justo, lacinia eget, tincidunt eget, tempus vel, pede.

Morbi porttitor lorem id ligula. Suspendisse ornare consequat lectus. In est risus, auctor sed, tristique in, tempus sit amet, sem.', 'Praesent id massa id nisl venenatis lacinia. Aenean sit amet justo. Morbi ut odio.

Cras mi pede, malesuada in, imperdiet et, commodo vulputate, justo. In blandit ultrices enim. Lorem ipsum dolor sit amet, consectetuer adipiscing elit.

Proin interdum mauris non ligula pellentesque ultrices. Phasellus id sapien in sapien iaculis congue. Vivamus metus arcu, adipiscing molestie, hendrerit at, vulputate vitae, nisl.

Aenean lectus. Pellentesque eget nunc. Donec quis orci eget orci vehicula condimentum.');
insert into DRUG (code, name, TYPE, PRESCRIPTION_METRICS, composition, CONTRAINDICATIONS) values ('O410', 'Fluconazole', 'ANTIHISTAMINE', 'Vivamus tortor.',  'In sagittis dui vel nisl. Duis ac nibh. Fusce lacus purus, aliquet at, feugiat non, pretium quis, lectus.', 'Etiam vel augue. Vestibulum rutrum rutrum neque. Aenean auctor gravida sem.');
insert into DRUG (code, name, TYPE, PRESCRIPTION_METRICS, composition, CONTRAINDICATIONS) values ('T532X2', 'Varicose Veins - Phlebitis', 'ANTIHISTAMINE', 'Nulla suscipit ligula in lacus.', 'Praesent id massa id nisl venenatis lacinia. Aenean sit amet justo. Morbi ut odio.

Cras mi pede, malesuada in, imperdiet et, commodo vulputate, justo. In blandit ultrices enim. Lorem ipsum dolor sit amet, consectetuer adipiscing elit.', 'Etiam vel augue. Vestibulum rutrum rutrum neque. Aenean auctor gravida sem.

Praesent id massa id nisl venenatis lacinia. Aenean sit amet justo. Morbi ut odio.');
insert into DRUG (code, name, TYPE, PRESCRIPTION_METRICS, composition, CONTRAINDICATIONS) values ('M724', 'Shark Cartilage', 'ANTIHISTAMINE', 'Morbi sem mauris, laoreet ut, rhoncus aliquet, pulvinar sed, nisl.', 'Maecenas tristique, est et tempus semper, est quam pharetra magna, ac consequat metus sapien ut nunc. Vestibulum ante ipsum primis in faucibus orci luctus et ultrices posuere cubilia Curae; Mauris viverra diam vitae quam. Suspendisse potenti.', 'Nam ultrices, libero non mattis pulvinar, nulla pede ullamcorper augue, a suscipit nulla elit ac nulla. Sed vel enim sit amet nunc viverra dapibus. Nulla suscipit ligula in lacus.

Curabitur at ipsum ac tellus semper interdum. Mauris ullamcorper purus sit amet nulla. Quisque arcu libero, rutrum ac, lobortis vel, dapibus at, diam.');
insert into DRUG (code, name, TYPE, PRESCRIPTION_METRICS, composition, CONTRAINDICATIONS) values ('S59129G', 'SEUK', 'ANTIHISTAMINE', 'In hac habitasse platea dictumst.', 'In congue. Etiam justo. Etiam pretium iaculis justo.

In hac habitasse platea dictumst. Etiam faucibus cursus urna. Ut tellus.', 'Nullam porttitor lacus at turpis. Donec posuere metus vitae ipsum. Aliquam non mauris.

Morbi non lectus. Aliquam sit amet diam in magna bibendum imperdiet. Nullam orci pede, venenatis non, sodales sed, tincidunt eu, felis.

Fusce posuere felis sed lacus. Morbi sem mauris, laoreet ut, rhoncus aliquet, pulvinar sed, nisl. Nunc rhoncus dui vel sem.');
insert into DRUG (code, name, TYPE, PRESCRIPTION_METRICS, composition, CONTRAINDICATIONS) values ('S95991D', 'PHOTO FINISH MORE THAN PRIMER BLEMISH CONTROL', 'ANTIDEPRESIV', 'Donec dapibus.', 'Quisque id justo sit amet sapien dignissim vestibulum. Vestibulum ante ipsum primis in faucibus orci luctus et ultrices posuere cubilia Curae; Nulla dapibus dolor vel est. Donec odio justo, sollicitudin ut, suscipit a, feugiat et, eros.', 'Cras non velit nec nisi vulputate nonummy. Maecenas tincidunt lacus at velit. Vivamus vel nulla eget eros elementum pellentesque.

Quisque porta volutpat erat. Quisque erat eros, viverra eget, congue eget, semper rutrum, nulla. Nunc purus.

Phasellus in felis. Donec semper sapien a libero. Nam dui.');
insert into DRUG (code, name, TYPE, PRESCRIPTION_METRICS, composition, CONTRAINDICATIONS) values ('M4004', 'Cranberry', 'ANTIDEPRESIV', 'Sed sagittis.',  'Sed sagittis. Nam congue, risus semper porta volutpat, quam pede lobortis ligula, sit amet eleifend pede libero quis orci. Nullam molestie nibh in lectus.', 'In sagittis dui vel nisl. Duis ac nibh. Fusce lacus purus, aliquet at, feugiat non, pretium quis, lectus.

Suspendisse potenti. In eleifend quam a odio. In hac habitasse platea dictumst.

Maecenas ut massa quis augue luctus tincidunt. Nulla mollis molestie lorem. Quisque ut erat.

Curabitur gravida nisi at nibh. In hac habitasse platea dictumst. Aliquam augue quam, sollicitudin vitae, consectetuer eget, rutrum at, lorem.');
insert into DRUG (code, name, TYPE, PRESCRIPTION_METRICS, composition, CONTRAINDICATIONS) values ('T550X3', 'Hydralazine Hydrochloride', 'ANTIDEPRESIV', 'In congue.', 'Duis aliquam convallis nunc. Proin at turpis a pede posuere nonummy. Integer non velit.', 'Duis aliquam convallis nunc. Proin at turpis a pede posuere nonummy. Integer non velit.');

insert into DRUG_REPLACEMENT (code, replacement_code) values ('S90465','T474X4A');
insert into DRUG_REPLACEMENT (code, replacement_code) values ('S90465','M1215');
insert into DRUG_REPLACEMENT (code, replacement_code) values ('S90465', 'S61207S');
insert into DRUG_REPLACEMENT (code, replacement_code) values ('S90465','T532X2');
insert into DRUG_REPLACEMENT (code, replacement_code) values ('S90465','O410');
insert into DRUG_REPLACEMENT (code, replacement_code) values ('S90465','S499');
insert into DRUG_REPLACEMENT (code, replacement_code) values ('T550X3','M4004');
insert into DRUG_REPLACEMENT (code, replacement_code) values ('T550X3','S95991D');

 


insert into DRUG_FARMACIES (CODE, FARMACY_ID ) values ('T474X4A', 1);
insert into DRUG_FARMACIES (CODE, FARMACY_ID ) values ('T474X4A', 3);
insert into DRUG_FARMACIES (CODE, FARMACY_ID ) values ('T474X4A', 4);
insert into DRUG_FARMACIES (CODE, FARMACY_ID ) values ('T474X4A', 5);
insert into DRUG_FARMACIES (CODE, FARMACY_ID ) values ('T474X4A', 6);
insert into DRUG_FARMACIES (CODE, FARMACY_ID ) values ('T474X4A', 7);
insert into DRUG_FARMACIES (CODE, FARMACY_ID ) values ('M1215', 1);
insert into DRUG_FARMACIES (CODE, FARMACY_ID ) values ('M1215', 3);
insert into DRUG_FARMACIES (CODE, FARMACY_ID ) values ('M1215', 4);
insert into DRUG_FARMACIES (CODE, FARMACY_ID ) values ('M1215', 5);
insert into DRUG_FARMACIES (CODE, FARMACY_ID ) values ('M1215', 6);
insert into DRUG_FARMACIES (CODE, FARMACY_ID ) values ('M1215', 7);
insert into DRUG_FARMACIES (CODE, FARMACY_ID ) values ('S61207S', 5);
insert into DRUG_FARMACIES (CODE, FARMACY_ID ) values ('S61207S', 6);
insert into DRUG_FARMACIES (CODE, FARMACY_ID ) values ('S61207S', 7);
insert into DRUG_FARMACIES (CODE, FARMACY_ID ) values ('T532X2', 1);
insert into DRUG_FARMACIES (CODE, FARMACY_ID ) values ('T532X2', 3);
insert into DRUG_FARMACIES (CODE, FARMACY_ID ) values ('T532X2', 4);
insert into DRUG_FARMACIES (CODE, FARMACY_ID ) values ('T532X2', 2);

insert into PRICE(ID,PRICE,CODE,FARMACY_ID) values (1, 19.9, 'T474X4A', 1);
insert into PRICE(ID,PRICE,CODE,FARMACY_ID) values (2, 5.2,'T474X4A', 3);
insert into PRICE(ID,PRICE,CODE,FARMACY_ID) values (3, 9,'T474X4A', 4);
insert into PRICE(ID,PRICE,CODE,FARMACY_ID) values (4,2.1,'T474X4A', 5);
insert into PRICE(ID,PRICE,CODE,FARMACY_ID) values (5,0.97,'T474X4A', 6);
insert into PRICE(ID,PRICE,CODE,FARMACY_ID) values (6,0.87,'T474X4A', 7);
insert into PRICE(ID,PRICE,CODE,FARMACY_ID) values (7,2.1,'M1215', 1);
insert into PRICE(ID,PRICE,CODE,FARMACY_ID) values (8,5.4,'M1215', 3);
insert into PRICE(ID,PRICE,CODE,FARMACY_ID) values (9,9.4,'M1215', 4);
insert into PRICE(ID,PRICE,CODE,FARMACY_ID) values (10,5.6,'M1215', 5);
insert into PRICE(ID,PRICE,CODE,FARMACY_ID) values (11, 0.4,'M1215', 6);
insert into PRICE(ID,PRICE,CODE,FARMACY_ID) values (12,9,'M1215', 7);
insert into PRICE(ID,PRICE,CODE,FARMACY_ID) values (13,1.6,'S61207S', 5);
insert into PRICE(ID,PRICE,CODE,FARMACY_ID) values (14,0.8,'S61207S', 6);
insert into PRICE(ID,PRICE,CODE,FARMACY_ID) values (15,2.9,'S61207S', 7);
insert into PRICE(ID,PRICE,CODE,FARMACY_ID) values (16,10.2,'T532X2', 1);
insert into PRICE(ID,PRICE,CODE,FARMACY_ID) values (17,4.5,'T532X2', 3);
insert into PRICE(ID,PRICE,CODE,FARMACY_ID) values (18,2.3,'T532X2', 4);
insert into PRICE(ID,PRICE,CODE,FARMACY_ID) values (19,1.5,'T532X2', 2);
