insert into users (user_id,username, password, enabled) values (1,'vleathley0@fastcompany.com', '$2a$10$Fh4qeAY.sD6A/BdTBl8g6e5iYh8scygIZcAbT1iUpisI.qHhYdgR2', true);
insert into users (user_id,username, password, enabled) values (2,'gmilesop1@house.gov', '$2a$10$Fh4qeAY.sD6A/BdTBl8g6e5iYh8scygIZcAbT1iUpisI.qHhYdgR2', true);
insert into users (user_id,username, password, enabled) values (3,'ggullefant2@princeton.edu', '$2a$10$Fh4qeAY.sD6A/BdTBl8g6e5iYh8scygIZcAbT1iUpisI.qHhYdgR2', true);
insert into users (user_id,username, password, enabled) values (4,'wvanmerwe3@ihg.com', '$2a$10$Fh4qeAY.sD6A/BdTBl8g6e5iYh8scygIZcAbT1iUpisI.qHhYdgR2', true);
insert into users (user_id,username, password, enabled) values (5,'abawdon4@themeforest.net', '$2a$10$Fh4qeAY.sD6A/BdTBl8g6e5iYh8scygIZcAbT1iUpisI.qHhYdgR2', true);
insert into users (user_id,username, password, enabled) values (6,'kjeenes5@mlb.com', '$2a$10$Fh4qeAY.sD6A/BdTBl8g6e5iYh8scygIZcAbT1iUpisI.qHhYdgR2', true);
insert into users (user_id,username, password, enabled) values (7,'earrow6@hao123.com', '$2a$10$Fh4qeAY.sD6A/BdTBl8g6e5iYh8scygIZcAbT1iUpisI.qHhYdgR2', true);
insert into users (user_id,username, password, enabled) values (8,'acretney7@businessinsider.com', '$2a$10$Fh4qeAY.sD6A/BdTBl8g6e5iYh8scygIZcAbT1iUpisI.qHhYdgR2', true);
insert into users (user_id,username, password, enabled) values (9,'bcoffey8@cmu.edu', '$2a$10$Fh4qeAY.sD6A/BdTBl8g6e5iYh8scygIZcAbT1iUpisI.qHhYdgR2', true);
insert into users (user_id,username, password, enabled) values (10,'swilkie9@digg.com', '$2a$10$Fh4qeAY.sD6A/BdTBl8g6e5iYh8scygIZcAbT1iUpisI.qHhYdgR2', true);
insert into users (user_id,username, password, enabled) values (11,'kgriswooda@aol.com', '$2a$10$Fh4qeAY.sD6A/BdTBl8g6e5iYh8scygIZcAbT1iUpisI.qHhYdgR2', true);
insert into users (user_id,username, password, enabled) values (12,'nlustedb@skyrock.com', '$2a$10$Fh4qeAY.sD6A/BdTBl8g6e5iYh8scygIZcAbT1iUpisI.qHhYdgR2', true);
insert into users (user_id,username, password, enabled) values (13,'gbaistowc@last.fm', '$2a$10$Fh4qeAY.sD6A/BdTBl8g6e5iYh8scygIZcAbT1iUpisI.qHhYdgR2', true);
insert into users (user_id,username, password, enabled) values (14,'ecomberbeachd@netlog.com', '$2a$10$Fh4qeAY.sD6A/BdTBl8g6e5iYh8scygIZcAbT1iUpisI.qHhYdgR2', true);
insert into users (user_id,username, password, enabled) values (15,'mstonmane@flickr.com', '$2a$10$Fh4qeAY.sD6A/BdTBl8g6e5iYh8scygIZcAbT1iUpisI.qHhYdgR2', true);
insert into users (user_id,username, password, enabled) values (16,'ddumbaref@theguardian.com', '$2a$10$Fh4qeAY.sD6A/BdTBl8g6e5iYh8scygIZcAbT1iUpisI.qHhYdgR2', true);
insert into users (user_id,username, password, enabled) values (17,'cjancicg@mtv.com', '$2a$10$Fh4qeAY.sD6A/BdTBl8g6e5iYh8scygIZcAbT1iUpisI.qHhYdgR2', true);
insert into users (user_id,username, password, enabled) values (18,'cphidginh@amazonaws.com', '$2a$10$Fh4qeAY.sD6A/BdTBl8g6e5iYh8scygIZcAbT1iUpisI.qHhYdgR2', true);
insert into users (user_id,username, password, enabled) values (19,'stomaszczyki@themeforest.net', '$2a$10$Fh4qeAY.sD6A/BdTBl8g6e5iYh8scygIZcAbT1iUpisI.qHhYdgR2', true);
insert into users (user_id,username, password, enabled) values (20,'blistj@oracle.com', '$2a$10$Fh4qeAY.sD6A/BdTBl8g6e5iYh8scygIZcAbT1iUpisI.qHhYdgR2', true);
insert into users (user_id,username, password, enabled) values (21,'cparsandk@dmoz.org', '$2a$10$Fh4qeAY.sD6A/BdTBl8g6e5iYh8scygIZcAbT1iUpisI.qHhYdgR2', true);
insert into users (user_id,username, password, enabled) values (22,'otitfordl@etsy.com', '$2a$10$Fh4qeAY.sD6A/BdTBl8g6e5iYh8scygIZcAbT1iUpisI.qHhYdgR2', true);
insert into users (user_id,username, password, enabled) values (23,'lyeatmanm@amazon.co.jp', '$2a$10$Fh4qeAY.sD6A/BdTBl8g6e5iYh8scygIZcAbT1iUpisI.qHhYdgR2', true);
insert into users (user_id,username, password, enabled) values (24,'bconersn@w3.org', '$2a$10$Fh4qeAY.sD6A/BdTBl8g6e5iYh8scygIZcAbT1iUpisI.qHhYdgR2', true);
insert into users (user_id,username, password, enabled) values (25,'mvarrowo@imdb.com', '$2a$10$Fh4qeAY.sD6A/BdTBl8g6e5iYh8scygIZcAbT1iUpisI.qHhYdgR2', true);
insert into users (user_id,username, password, enabled) values (26,'egattyp@umn.edu', '$2a$10$Fh4qeAY.sD6A/BdTBl8g6e5iYh8scygIZcAbT1iUpisI.qHhYdgR2', true);
insert into users (user_id,username, password, enabled) values (27,'eduboisq@unesco.org', '$2a$10$Fh4qeAY.sD6A/BdTBl8g6e5iYh8scygIZcAbT1iUpisI.qHhYdgR2', true);
insert into users (user_id,username, password, enabled) values (28,'apumfreyr@theglobeandmail.com', '$2a$10$Fh4qeAY.sD6A/BdTBl8g6e5iYh8scygIZcAbT1iUpisI.qHhYdgR2', true);
insert into users (user_id,username, password, enabled) values (29,'gbusseys@canalblog.com', '$2a$10$Fh4qeAY.sD6A/BdTBl8g6e5iYh8scygIZcAbT1iUpisI.qHhYdgR2', true);
insert into users (user_id,username, password, enabled) values (30,'kellert@cbsnews.com', '$2a$10$Fh4qeAY.sD6A/BdTBl8g6e5iYh8scygIZcAbT1iUpisI.qHhYdgR2', true);

INSERT INTO roles(name) VALUES('FARMACY_ADMIN');
INSERT INTO roles(name) VALUES('SYS_ADMIN');
INSERT INTO roles(name) VALUES('PATIENT');

insert into USER_ROLES(user_id, role_id) values(1, 1);
insert into USER_ROLES(user_id, role_id) values(1, 2);
insert into USER_ROLES(user_id, role_id) values(1, 3);
insert into USER_ROLES(user_id, role_id) values(2, 2);
insert into USER_ROLES(user_id, role_id) values(3, 3);
insert into USER_ROLES(user_id, role_id) values(4, 3);
insert into USER_ROLES(user_id, role_id) values(5, 3);
insert into USER_ROLES(user_id, role_id) values(6, 3);
insert into USER_ROLES(user_id, role_id) values(7, 3);
insert into USER_ROLES(user_id, role_id) values(8, 3);
insert into USER_ROLES(user_id, role_id) values(9, 3);
insert into USER_ROLES(user_id, role_id) values(10, 3);
insert into USER_ROLES(user_id, role_id) values(11, 3);
insert into USER_ROLES(user_id, role_id) values(12, 3);
insert into USER_ROLES(user_id, role_id) values(13, 3);
insert into USER_ROLES(user_id, role_id) values(14, 3);
insert into USER_ROLES(user_id, role_id) values(15, 3);
insert into USER_ROLES(user_id, role_id) values(16, 3);
insert into USER_ROLES(user_id, role_id) values(17, 3);
insert into USER_ROLES(user_id, role_id) values(18, 3);
insert into USER_ROLES(user_id, role_id) values(19, 3);
insert into USER_ROLES(user_id, role_id) values(20, 3);
insert into USER_ROLES(user_id, role_id) values(21, 3);
insert into USER_ROLES(user_id, role_id) values(22, 3);
insert into USER_ROLES(user_id, role_id) values(23, 3);
insert into USER_ROLES(user_id, role_id) values(24, 3);
insert into USER_ROLES(user_id, role_id) values(25, 3);
insert into USER_ROLES(user_id, role_id) values(26, 3);
insert into USER_ROLES(user_id, role_id) values(27, 3);
insert into USER_ROLES(user_id, role_id) values(28, 3);
insert into USER_ROLES(user_id, role_id) values(29, 3);
insert into USER_ROLES(user_id, role_id) values(30, 3);



insert into patient (email, name, surname, adress, city, state, phone_num) values ('vleathley0@fastcompany.com', 'Ashbey', 'Renshall', '88 Autumn Leaf Center', 'Bankaw', 'Philippines', '132-261-1267');
insert into patient (email, name, surname, adress, city, state, phone_num) values ('ggullefant2@princeton.edu', 'Dunc', 'Wallsworth', '5 Eastlawn Crossing', 'Kerema', 'Papua New Guinea', '152-374-6607');
insert into patient (email, name, surname, adress, city, state, phone_num) values ('wvanmerwe3@ihg.com', 'Timmy', 'Simioli', '8466 Crowley Terrace', 'Xingang', 'China', '457-250-5110');
insert into patient (email, name, surname, adress, city, state, phone_num) values ('abawdon4@themeforest.net', 'Blayne', 'Setford', '75 Manufacturers Center', 'Quimper', 'France', '738-576-8969');
insert into patient (email, name, surname, adress, city, state, phone_num) values ('kjeenes5@mlb.com', 'Kerstin', 'O''Brien', '893 Waubesa Trail', 'Dar Chabanne', 'Tunisia', '176-430-6971');
insert into patient (email, name, surname, adress, city, state, phone_num) values ('earrow6@hao123.com', 'Cordi', 'Itzig', '462 Jay Parkway', 'Maloye Verevo', 'Russia', '604-969-0989');
insert into patient (email, name, surname, adress, city, state, phone_num) values ('acretney7@businessinsider.com', 'Antin', 'Vuitton', '8 Mayfield Road', 'Hīsh', 'Syria', '627-651-4290');
insert into patient (email, name, surname, adress, city, state, phone_num) values ('bcoffey8@cmu.edu', 'Alleen', 'Carabet', '85 Rowland Alley', 'Taoyuan', 'China', '307-249-1188');
insert into patient (email, name, surname, adress, city, state, phone_num) values ('swilkie9@digg.com', 'Ariela', 'Angel', '529 Spohn Alley', 'Kabor', 'Indonesia', '407-853-9057');
insert into patient (email, name, surname, adress, city, state, phone_num) values ('kgriswooda@aol.com', 'Rodrique', 'Rudman', '634 Golf Course Crossing', 'Gandekan', 'Indonesia', '833-691-1487');
insert into patient (email, name, surname, adress, city, state, phone_num) values ('nlustedb@skyrock.com', 'Gottfried', 'Tutchell', '05420 Tomscot Drive', 'Prior Velho', 'Portugal', '252-676-2335');
insert into patient (email, name, surname, adress, city, state, phone_num) values ('gbaistowc@last.fm', 'Ardis', 'Carlan', '28136 American Ash Park', 'Pordapor Barat', 'Indonesia', '699-530-0466');
insert into patient (email, name, surname, adress, city, state, phone_num) values ('ecomberbeachd@netlog.com', 'Zorine', 'Dutson', '2 Dorton Plaza', 'Sukadana', 'Indonesia', '151-433-4118');
insert into patient (email, name, surname, adress, city, state, phone_num) values ('mstonmane@flickr.com', 'Ceciley', 'Hinks', '22709 Village Green Center', 'Gonghe', 'China', '683-824-9941');
insert into patient (email, name, surname, adress, city, state, phone_num) values ('ddumbaref@theguardian.com', 'Jeramey', 'Haddeston', '2185 Village Green Court', 'Penza', 'Russia', '989-388-9222');
insert into patient (email, name, surname, adress, city, state, phone_num) values ('cjancicg@mtv.com', 'Aurthur', 'Bere', '1504 Continental Hill', 'Atambua', 'Indonesia', '535-367-2584');
insert into patient (email, name, surname, adress, city, state, phone_num) values ('cphidginh@amazonaws.com', 'Kathi', 'Abeau', '13 Hintze Avenue', 'Ribeira', 'Portugal', '169-930-3361');
insert into patient (email, name, surname, adress, city, state, phone_num) values ('stomaszczyki@themeforest.net', 'Sibelle', 'Shapira', '33 Southridge Drive', 'Colatina', 'Brazil', '414-163-5653');
insert into patient (email, name, surname, adress, city, state, phone_num) values ('blistj@oracle.com', 'Langston', 'Demogeot', '61 Buena Vista Crossing', 'Sassandra', 'Ivory Coast', '162-413-2217');
insert into patient (email, name, surname, adress, city, state, phone_num) values ('cparsandk@dmoz.org', 'Lorens', 'Stopford', '9 Maryland Drive', 'Pakemitan', 'Indonesia', '270-645-6270');
insert into patient (email, name, surname, adress, city, state, phone_num) values ('otitfordl@etsy.com', 'Renee', 'Knottley', '04 Dorton Alley', 'Tsirang', 'Bhutan', '162-317-8727');
insert into patient (email, name, surname, adress, city, state, phone_num) values ('lyeatmanm@amazon.co.jp', 'Janella', 'Brewerton', '68 Namekagon Park', 'Lowotukan', 'Indonesia', '897-934-3264');
insert into patient (email, name, surname, adress, city, state, phone_num) values ('bconersn@w3.org', 'Carlynne', 'Bandiera', '69 Weeping Birch Crossing', 'Stěbořice', 'Czech Republic', '134-486-4468');
insert into patient (email, name, surname, adress, city, state, phone_num) values ('mvarrowo@imdb.com', 'Hogan', 'Reynish', '7113 Twin Pines Lane', 'Karangjaladri', 'Indonesia', '446-491-9928');
insert into patient (email, name, surname, adress, city, state, phone_num) values ('egattyp@umn.edu', 'Alyson', 'Matveichev', '89656 South Point', 'Göteborg', 'Sweden', '165-454-0617');
insert into patient (email, name, surname, adress, city, state, phone_num) values ('eduboisq@unesco.org', 'Harris', 'Cristofor', '22919 Express Road', 'Gornorechenskiy', 'Russia', '382-233-2198');
insert into patient (email, name, surname, adress, city, state, phone_num) values ('apumfreyr@theglobeandmail.com', 'Gerard', 'Fruchon', '304 Westridge Parkway', 'Siaton', 'Philippines', '176-565-9371');
insert into patient (email, name, surname, adress, city, state, phone_num) values ('gbusseys@canalblog.com', 'Jodie', 'Flahy', '2 Thackeray Lane', 'Dangmu', 'China', '684-507-7680');
insert into patient (email, name, surname, adress, city, state, phone_num) values ('kellert@cbsnews.com', 'Axel', 'McVanamy', '17902 Farwell Trail', 'Delmiro Gouveia', 'Brazil', '974-212-1856');
insert into sys_admin (email, name, surname, adress, city, state, phone_num) values ('gmilesop1@house.gov', 'Cornell', 'Jayme', '494 Harper Park', 'Businovo', 'Russia', '672-670-6543');
insert into farmacy_admin (email, name, surname, adress, city, state, phone_num) values ('vleathley0@fastcompany.com', 'Cornell', 'Jayme', '494 Harper Park', 'Businovo', 'Russia', '672-670-6543');

